Peak;Location;Start;End;Amplicon Length;Forward Primer ID;Forward Primer Sequence;Reverse Primer ID;Reverse Primer Sequence;Wellplate ID;Set
U1;>chr1:29155901-29157184:papAnu2;61;1169;1109;0.7|F;TCTAAGCAGAGTGGACAACTGC;0.6|R;AGAGGAGTTCAATAACTTGGCC;8772247;1
U1;>scaffold2367:17818-19101:papHam1;113;989;877;0.6|R;AGAGGAGTTCAATAACTTGGCC;0.1|F;TGTTACTGGATGAATGGAGATG;8772247;1
U1;>chr1:27283805-27285086:PanPan1;60;1069;1010;0.7|F;TCTAAGCAGAGTGGACAACTGC;0.5|R;AACCACTGTGTTATCTTACCTC;8772247;1
U1;>chr1:26968861-26970151:panTro4;60;1078;1019;0.7|F;TCTAAGCAGAGTGGACAACTGC;0.5|R;AACCACTGTGTTATCTTACCTC;8772247;1
U1;>chr1:27293479-27293766:MacFas;113;988;876;0.6|R;AGAGGAGTTCAATAACTTGGCC;0.1|F;TGTTACTGGATGAATGGAGATG;8772247;1
U1;>chr24:25827262-25828540:nomLeu3;62;1068;1007;0.7|F;TCTAAGCAGAGTGGACAACTGC;0.5|R;AACCACTGTGTTATCTTACCTC;8772247;1
U1;>chr1:27915285-27916519:gorGor3;60;1077;1018;0.7|F;TCTAAGCAGAGTGGACAACTGC;0.5|R;AACCACTGTGTTATCTTACCTC;8772247;1
U1;>chr1:27292979-27294266:hg19;60;1076;1017;0.7|F;TCTAAGCAGAGTGGACAACTGC;0.5|R;AACCACTGTGTTATCTTACCTC;8772247;1
U1;>chr1:29814615-29815885:rheMac3;49;1156;1108;0.7|F;TCTAAGCAGAGTGGACAACTGC;0.6|R;AGAGGAGTTCAATAACTTGGCC;8772247;1
U1;>chr7:61064356-61065595:calJac3;249;1143;895;0.1|F;TGTTACTGGATGAATGGAGATG;0.6|R;AGAGGAGTTCAATAACTTGGCC;8772247;1
U1;>chr1:203405301-203406588:ponAbe2;113;994;882;0.6|R;AGAGGAGTTCAATAACTTGGCC;0.1|F;TGTTACTGGATGAATGGAGATG;8772247;1
U1;>JH378107:57376389-57377630:saiBol1;306;1145;840;0.2|F;ACGTAGTGTTAGACCTGTTGAA;0.6|R;AGAGGAGTTCAATAACTTGGCC;8772247;1
U1;>chr1:27293479-27293766:ChlSab;113;989;877;0.6|R;AGAGGAGTTCAATAACTTGGCC;0.1|F;TGTTACTGGATGAATGGAGATG;8772247;1
U1;>chr1:29155901-29157184:papAnu2;70;1169;1100;0.4|F;AGTGGACAACTGCCTCTGTCAT;0.6|R;AGAGGAGTTCAATAACTTGGCC;8772247;1
U1;>scaffold2367:17818-19101:papHam1;113;1212;1100;0.6|R;AGAGGAGTTCAATAACTTGGCC;0.4|F;AGTGGACAACTGCCTCTGTCAT;8772247;1
U1;>chr1:27283805-27285086:PanPan1;60;1166;1107;0.7|F;TCTAAGCAGAGTGGACAACTGC;0.6|R;AGAGGAGTTCAATAACTTGGCC;8772247;1
U1;>chr1:26968861-26970151:panTro4;60;1175;1116;0.7|F;TCTAAGCAGAGTGGACAACTGC;0.6|R;AGAGGAGTTCAATAACTTGGCC;8772247;1
U1;>chr1:27293479-27293766:MacFas;113;1211;1099;0.6|R;AGAGGAGTTCAATAACTTGGCC;0.4|F;AGTGGACAACTGCCTCTGTCAT;8772247;1
U1;>chr24:25827262-25828540:nomLeu3;71;1068;998;0.4|F;AGTGGACAACTGCCTCTGTCAT;0.5|R;AACCACTGTGTTATCTTACCTC;8772247;1
U1;>chr1:27915285-27916519:gorGor3;69;1077;1009;0.4|F;AGTGGACAACTGCCTCTGTCAT;0.5|R;AACCACTGTGTTATCTTACCTC;8772247;1
U1;>chr1:27292979-27294266:hg19;60;1173;1114;0.7|F;TCTAAGCAGAGTGGACAACTGC;0.6|R;AGAGGAGTTCAATAACTTGGCC;8772247;1
U1;>chr1:29814615-29815885:rheMac3;58;1156;1099;0.4|F;AGTGGACAACTGCCTCTGTCAT;0.6|R;AGAGGAGTTCAATAACTTGGCC;8772247;1
U1;>chr7:61064356-61065595:calJac3;249;1204;956;0.1|F;TGTTACTGGATGAATGGAGATG;0.3|R;CTCTGTTGTACCACATGAAGCTAT;8772247;1
U1;>chr1:203405301-203406588:ponAbe2;113;1215;1103;0.6|R;AGAGGAGTTCAATAACTTGGCC;0.4|F;AGTGGACAACTGCCTCTGTCAT;8772247;1
U1;>JH378107:57376389-57377630:saiBol1;306;1200;895;0.2|F;ACGTAGTGTTAGACCTGTTGAA;0.3|R;CTCTGTTGTACCACATGAAGCTAT;8772247;1
U1;>chr1:27293479-27293766:ChlSab;113;1212;1100;0.6|R;AGAGGAGTTCAATAACTTGGCC;0.4|F;AGTGGACAACTGCCTCTGTCAT;8772247;1
U1;>chr1:29155901-29157184:papAnu2;293;1169;877;0.1|F;TGTTACTGGATGAATGGAGATG;0.6|R;AGAGGAGTTCAATAACTTGGCC;8772247;1
U1;>scaffold2367:17818-19101:papHam1;113;1221;1109;0.6|R;AGAGGAGTTCAATAACTTGGCC;0.7|F;TCTAAGCAGAGTGGACAACTGC;8772247;1
U1;>chr1:27283805-27285086:PanPan1;69;1069;1001;0.4|F;AGTGGACAACTGCCTCTGTCAT;0.5|R;AACCACTGTGTTATCTTACCTC;8772247;1
U1;>chr1:26968861-26970151:panTro4;69;1078;1010;0.4|F;AGTGGACAACTGCCTCTGTCAT;0.5|R;AACCACTGTGTTATCTTACCTC;8772247;1
U1;>chr1:27293479-27293766:MacFas;113;1220;1108;0.6|R;AGAGGAGTTCAATAACTTGGCC;0.7|F;TCTAAGCAGAGTGGACAACTGC;8772247;1
U1;>chr1:27292979-27294266:hg19;69;1076;1008;0.4|F;AGTGGACAACTGCCTCTGTCAT;0.5|R;AACCACTGTGTTATCTTACCTC;8772247;1
U1;>chr1:29814615-29815885:rheMac3;281;1156;876;0.1|F;TGTTACTGGATGAATGGAGATG;0.6|R;AGAGGAGTTCAATAACTTGGCC;8772247;1
U1;>chr7:61064356-61065595:calJac3;306;1143;838;0.2|F;ACGTAGTGTTAGACCTGTTGAA;0.6|R;AGAGGAGTTCAATAACTTGGCC;8772247;1
U1;>chr1:203405301-203406588:ponAbe2;113;1224;1112;0.6|R;AGAGGAGTTCAATAACTTGGCC;0.7|F;TCTAAGCAGAGTGGACAACTGC;8772247;1
U1;>chr1:27293479-27293766:ChlSab;113;1221;1109;0.6|R;AGAGGAGTTCAATAACTTGGCC;0.7|F;TCTAAGCAGAGTGGACAACTGC;8772247;1
U1;>chr1:27283805-27285086:PanPan1;69;1166;1098;0.4|F;AGTGGACAACTGCCTCTGTCAT;0.6|R;AGAGGAGTTCAATAACTTGGCC;8772247;1
U1;>chr1:26968861-26970151:panTro4;69;1175;1107;0.4|F;AGTGGACAACTGCCTCTGTCAT;0.6|R;AGAGGAGTTCAATAACTTGGCC;8772247;1
U1;>chr1:27292979-27294266:hg19;69;1173;1105;0.4|F;AGTGGACAACTGCCTCTGTCAT;0.6|R;AGAGGAGTTCAATAACTTGGCC;8772247;1
U1;>chr7:61064356-61065595:calJac3;306;1204;899;0.2|F;ACGTAGTGTTAGACCTGTTGAA;0.3|R;CTCTGTTGTACCACATGAAGCTAT;8772247;1
U1;>chr1:203405301-203406588:ponAbe2;210;1215;1006;0.5|R;AACCACTGTGTTATCTTACCTC;0.4|F;AGTGGACAACTGCCTCTGTCAT;8772247;1
U1;>chr1:27283805-27285086:PanPan1;292;1166;875;0.1|F;TGTTACTGGATGAATGGAGATG;0.6|R;AGAGGAGTTCAATAACTTGGCC;8772247;1
U1;>chr1:26968861-26970151:panTro4;292;1175;884;0.1|F;TGTTACTGGATGAATGGAGATG;0.6|R;AGAGGAGTTCAATAACTTGGCC;8772247;1
U1;>chr1:27292979-27294266:hg19;292;1173;882;0.1|F;TGTTACTGGATGAATGGAGATG;0.6|R;AGAGGAGTTCAATAACTTGGCC;8772247;1
U1;>chr1:203405301-203406588:ponAbe2;210;1224;1015;0.5|R;AACCACTGTGTTATCTTACCTC;0.7|F;TCTAAGCAGAGTGGACAACTGC;8772247;1
U1;>chr1:29155901-29157184:papAnu2;63;582;520;0.1|F;TAAGCAGAGTGGACAACTGC;0.2|R;AGAAGCACACCAGAGGCA;8752112;2
U1;>scaffold2367:17818-19101:papHam1;700;1219;520;0.2|R;AGAAGCACACCAGAGGCA;0.1|F;TAAGCAGAGTGGACAACTGC;8752112;2
U1;>chr1:27283805-27285086:PanPan1.1;62;582;521;0.1|F;TAAGCAGAGTGGACAACTGC;0.2|R;AGAAGCACACCAGAGGCA;8752112;2
U1;>chr1:26968861-26970151:panTro4;62;582;521;0.1|F;TAAGCAGAGTGGACAACTGC;0.2|R;AGAAGCACACCAGAGGCA;8752112;2
U1;>chr1:27293479-27293766:MacFas.5;699;1218;520;0.2|R;AGAAGCACACCAGAGGCA;0.1|F;TAAGCAGAGTGGACAACTGC;8752112;2
U1;>chr24:25827262-25828540:nomLeu3;64;582;519;0.1|F;TAAGCAGAGTGGACAACTGC;0.2|R;AGAAGCACACCAGAGGCA;8752112;2
U1;>chr1:27915285-27916519:gorGor3;62;582;521;0.1|F;TAAGCAGAGTGGACAACTGC;0.2|R;AGAAGCACACCAGAGGCA;8752112;2
U1;>chr1:27292979-27294266:hg19;62;582;521;0.1|F;TAAGCAGAGTGGACAACTGC;0.2|R;AGAAGCACACCAGAGGCA;8752112;2
U1;>chr1:29814615-29815885:rheMac3;51;570;520;0.1|F;TAAGCAGAGTGGACAACTGC;0.2|R;AGAAGCACACCAGAGGCA;8752112;2
U1;>chr7:61064356-61065595:calJac3;600;1218;619;0.4|F;TCACAGGTTCTGACTTGGAATACT;0.5|R;TACCATGCGCTGGTCTCT;8752112;2
U1;>scaffold_2141:171695-176235:micMur1;33;601;569;0.6|F;TGGTCAGCGCTCGAATGT;0.7|R;ATGAGGAACCTGTGTTAGTCTTAT;8752112;2
U1;>chr1:203405301-203406588:ponAbe2;704;1222;519;0.2|R;AGAAGCACACCAGAGGCA;0.1|F;TAAGCAGAGTGGACAACTGC;8752112;2
U1;>chr1:27293479-27293766:ChlSab.1;700;1219;520;0.2|R;AGAAGCACACCAGAGGCA;0.1|F;TAAGCAGAGTGGACAACTGC;8752112;2
U1;>chr1:29155901-29157184:papAnu2;66;582;517;0.3|F;GCAGAGTGGACAACTGCC;0.2|R;AGAAGCACACCAGAGGCA;8752112;2
U1;>scaffold2367:17818-19101:papHam1;700;1216;517;0.2|R;AGAAGCACACCAGAGGCA;0.3|F;GCAGAGTGGACAACTGCC;8752112;2
U1;>chr1:27283805-27285086:PanPan1.1;65;582;518;0.3|F;GCAGAGTGGACAACTGCC;0.2|R;AGAAGCACACCAGAGGCA;8752112;2
U1;>chr1:26968861-26970151:panTro4;65;582;518;0.3|F;GCAGAGTGGACAACTGCC;0.2|R;AGAAGCACACCAGAGGCA;8752112;2
U1;>chr1:27293479-27293766:MacFas.5;699;1215;517;0.2|R;AGAAGCACACCAGAGGCA;0.3|F;GCAGAGTGGACAACTGCC;8752112;2
U1;>chr24:25827262-25828540:nomLeu3;67;582;516;0.3|F;GCAGAGTGGACAACTGCC;0.2|R;AGAAGCACACCAGAGGCA;8752112;2
U1;>chr1:27915285-27916519:gorGor3;65;582;518;0.3|F;GCAGAGTGGACAACTGCC;0.2|R;AGAAGCACACCAGAGGCA;8752112;2
U1;>chr1:27292979-27294266:hg19;65;582;518;0.3|F;GCAGAGTGGACAACTGCC;0.2|R;AGAAGCACACCAGAGGCA;8752112;2
U1;>chr1:29814615-29815885:rheMac3;54;570;517;0.3|F;GCAGAGTGGACAACTGCC;0.2|R;AGAAGCACACCAGAGGCA;8752112;2
U1;>chr1:203405301-203406588:ponAbe2;704;1219;516;0.2|R;AGAAGCACACCAGAGGCA;0.3|F;GCAGAGTGGACAACTGCC;8752112;2
U1;>chr1:27293479-27293766:ChlSab.1;700;1216;517;0.2|R;AGAAGCACACCAGAGGCA;0.3|F;GCAGAGTGGACAACTGCC;8752112;2
U2;>chr1:29171720-29173016:papAnu2;49;959;911;0.6|F;AGGACCAAGAAGTTCATGTGGC;0.2|R;ATGGTTGCACATGTCTGTAGCC;8772247;1
U2;>scaffold2367:2768-4064:papHam1;121;1246;1126;0.8|F;TACTGTGTAGACCTGAGCAAGT;0.6|F;AGGACCAAGAAGTTCATGTGGC;8772247;1
U2;>chr1:27299882-27301178:PanPan1;61;966;906;0.6|F;AGGACCAAGAAGTTCATGTGGC;0.2|R;ATGGTTGCACATGGCTGTAGCC;8772247;1
U2;>chr1:26986437-26987733:panTro4;61;967;907;0.6|F;AGGACCAAGAAGTTCATGTGGC;0.2|R;ATGGTTGCACATGGCTGTAGCC;8772247;1
U2;>chr1:27310581-27310877:MacFas;121;1248;1128;0.8|F;TACTGTGTAGACCTGAGCAAGT;0.6|F;AGGACCAAGAAGTTCATGTGGC;8772247;1
U2;>chr24:25838908-25840204:nomLeu3;51;967;917;0.6|F;AGGACCAAGAAGTTCATGTGGC;0.2|R;ATGGTTGCACATGGCTGTAGCC;8772247;1
U2;>chr1:27933129-27934425:gorGor3;48;968;921;0.6|F;AGGACCAAGAAGTTCATGTGGC;0.2|R;ATGGTTGCACATGGCTGTAGCC;8772247;1
U2;>chr1:27310081-27311377:hg19;52;967;916;0.6|F;AGGACCAAGAAGTTCATGTGGC;0.2|R;ATGGTTGCACATGGCTGTAGCC;8772247;1
U2;>chr1:29829928-29831224:rheMac3;41;959;919;0.6|F;AGGACCAAGAAGTTCATGTGGC;0.2|R;ATGGTTGCACATGTCTGTAGCC;8772247;1
U2;>chr7:61081040-61082334:calJac3;200;1155;956;0.3|F;CAGCATTGGTTATAGGAAGAAC;0.4|R;CTCTCTTAGTCTCTGTTCCTGC;8772247;1
U2;>chr1:203388102-203389398:ponAbe2;327;1217;891;0.2|R;ATGGTTGCACATGGCTGTAGCC;0.1|F;GTCTGATGGATGGAGCAGACTG;8772247;1
U2;>JH378107:57392565-57393858:saiBol1;198;1157;960;0.3|F;CAGCATTGGTTATAGGAAGAAC;0.4|R;CTCTCTTAGTCTCTGTTCCTGC;8772247;1
U2;>chr1:27310581-27310877:ChlSab;121;1241;1121;0.8|F;TACTGTGTAGACCTGAGCAAGT;0.6|F;AGGACCAAGAAGTTCATGTGGC;8772247;1
U2;>chr1:29171720-29173016:papAnu2;49;1174;1126;0.6|F;AGGACCAAGAAGTTCATGTGGC;0.8|F;TACTGTGTAGACCTGAGCAAGT;8772247;1
U2;>scaffold2367:2768-4064:papHam1;121;1215;1095;0.8|F;TACTGTGTAGACCTGAGCAAGT;0.1|F;AGTCTGATGGATGAATCAGACTGT;8772247;1
U2;>chr1:27299882-27301178:PanPan1;93;966;874;0.1|F;GTCTGATGGATGGAGCAGACTG;0.2|R;ATGGTTGCACATGGCTGTAGCC;8772247;1
U2;>chr1:26986437-26987733:panTro4;93;967;875;0.1|F;GTCTGATGGATGGAGCAGACTG;0.2|R;ATGGTTGCACATGGCTGTAGCC;8772247;1
U2;>chr1:27310581-27310877:MacFas;121;1217;1097;0.8|F;TACTGTGTAGACCTGAGCAAGT;0.1|F;AGTCTGATGGATGAATCAGACTGT;8772247;1
U2;>chr24:25838908-25840204:nomLeu3;83;967;885;0.1|F;GTCTGATGGATGGAGCAGACTG;0.2|R;ATGGTTGCACATGGCTGTAGCC;8772247;1
U2;>chr1:27933129-27934425:gorGor3;80;968;889;0.1|F;GTCTGATGGATGGAGCAGACTG;0.2|R;ATGGTTGCACATGGCTGTAGCC;8772247;1
U2;>chr1:27310081-27311377:hg19;84;967;884;0.1|F;GTCTGATGGATGGAGCAGACTG;0.2|R;ATGGTTGCACATGGCTGTAGCC;8772247;1
U2;>chr1:29829928-29831224:rheMac3;41;1174;1134;0.6|F;AGGACCAAGAAGTTCATGTGGC;0.8|F;TACTGTGTAGACCTGAGCAAGT;8772247;1
U2;>chr1:203388102-203389398:ponAbe2;327;1249;923;0.2|R;ATGGTTGCACATGGCTGTAGCC;0.6|F;AGGACCAAGAAGTTCATGTGGC;8772247;1
U2;>chr1:27310581-27310877:ChlSab;121;1210;1090;0.8|F;TACTGTGTAGACCTGAGCAAGT;0.1|F;AGTCTGATGGATGAATCAGACTGT;8772247;1
U2;>chr1:29171720-29173016:papAnu2;49;1148;1100;0.6|F;AGGACCAAGAAGTTCATGTGGC;0.4|R;CTCTCTGAGTCTCTGTTCCTGCAT;8772247;1
U2;>scaffold2367:2768-4064:papHam1;336;1246;911;0.2|R;ATGGTTGCACATGTCTGTAGCC;0.6|F;AGGACCAAGAAGTTCATGTGGC;8772247;1
U2;>chr1:27310581-27310877:MacFas;336;1248;913;0.2|R;ATGGTTGCACATGTCTGTAGCC;0.6|F;AGGACCAAGAAGTTCATGTGGC;8772247;1
U2;>chr1:29829928-29831224:rheMac3;41;1148;1108;0.6|F;AGGACCAAGAAGTTCATGTGGC;0.4|R;CTCTCTGAGTCTCTGTTCCTGCAT;8772247;1
U2;>chr1:203388102-203389398:ponAbe2;138;1217;1080;0.4|R;CTCTCTGAGTCTCTGTTCCTGCAT;0.1|F;GTCTGATGGATGGAGCAGACTG;8772247;1
U2;>chr1:27310581-27310877:ChlSab;336;1241;906;0.2|R;ATGGTTGCACATGTCTGTAGCC;0.6|F;AGGACCAAGAAGTTCATGTGGC;8772247;1
U2;>chr1:29171720-29173016:papAnu2;80;959;880;0.1|F;AGTCTGATGGATGAATCAGACTGT;0.2|R;ATGGTTGCACATGTCTGTAGCC;8772247;1
U2;>scaffold2367:2768-4064:papHam1;336;1215;880;0.2|R;ATGGTTGCACATGTCTGTAGCC;0.1|F;AGTCTGATGGATGAATCAGACTGT;8772247;1
U2;>chr1:27310581-27310877:MacFas;336;1217;882;0.2|R;ATGGTTGCACATGTCTGTAGCC;0.1|F;AGTCTGATGGATGAATCAGACTGT;8772247;1
U2;>chr1:29829928-29831224:rheMac3;72;959;888;0.1|F;AGTCTGATGGATGAATCAGACTGT;0.2|R;ATGGTTGCACATGTCTGTAGCC;8772247;1
U2;>chr1:203388102-203389398:ponAbe2;138;1249;1112;0.4|R;CTCTCTGAGTCTCTGTTCCTGCAT;0.6|F;AGGACCAAGAAGTTCATGTGGC;8772247;1
U2;>chr1:27310581-27310877:ChlSab;336;1210;875;0.2|R;ATGGTTGCACATGTCTGTAGCC;0.1|F;AGTCTGATGGATGAATCAGACTGT;8772247;1
U2;>chr1:29171720-29173016:papAnu2;80;1174;1095;0.1|F;AGTCTGATGGATGAATCAGACTGT;0.8|F;TACTGTGTAGACCTGAGCAAGT;8772247;1
U2;>scaffold2367:2768-4064:papHam1;147;1246;1100;0.4|R;CTCTCTGAGTCTCTGTTCCTGCAT;0.6|F;AGGACCAAGAAGTTCATGTGGC;8772247;1
U2;>chr1:27310581-27310877:MacFas;147;1248;1102;0.4|R;CTCTCTGAGTCTCTGTTCCTGCAT;0.6|F;AGGACCAAGAAGTTCATGTGGC;8772247;1
U2;>chr1:29829928-29831224:rheMac3;72;1174;1103;0.1|F;AGTCTGATGGATGAATCAGACTGT;0.8|F;TACTGTGTAGACCTGAGCAAGT;8772247;1
U2;>chr1:27310581-27310877:ChlSab;147;1241;1095;0.4|R;CTCTCTGAGTCTCTGTTCCTGCAT;0.6|F;AGGACCAAGAAGTTCATGTGGC;8772247;1
U2;>chr1:29171720-29173016:papAnu2;80;1148;1069;0.1|F;AGTCTGATGGATGAATCAGACTGT;0.4|R;CTCTCTGAGTCTCTGTTCCTGCAT;8772247;1
U2;>scaffold2367:2768-4064:papHam1;147;1215;1069;0.4|R;CTCTCTGAGTCTCTGTTCCTGCAT;0.1|F;AGTCTGATGGATGAATCAGACTGT;8772247;1
U2;>chr1:27310581-27310877:MacFas;147;1217;1071;0.4|R;CTCTCTGAGTCTCTGTTCCTGCAT;0.1|F;AGTCTGATGGATGAATCAGACTGT;8772247;1
U2;>chr1:29829928-29831224:rheMac3;72;1148;1077;0.1|F;AGTCTGATGGATGAATCAGACTGT;0.4|R;CTCTCTGAGTCTCTGTTCCTGCAT;8772247;1
U2;>chr1:27310581-27310877:ChlSab;147;1210;1064;0.4|R;CTCTCTGAGTCTCTGTTCCTGCAT;0.1|F;AGTCTGATGGATGAATCAGACTGT;8772247;1
U2;>chr1:29171720-29173016:papAnu2;269;1173;905;0.6|R;AAGGAACTGGAAGTGCTG;0.12|R;ACTGTGTAGACCTGAGCA;8752112;2
U2;>chr1:27299882-27301178:PanPan1.1;7;725;719;0.1|F;CTCAGCAGCATGGTCACC;0.2|R;TCAGGAAGGCACAACTGC;8752112;2
U2;>chr1:26986437-26987733:panTro4;7;725;719;0.1|F;CTCAGCAGCATGGTCACC;0.2|R;TCAGGAAGGCACAACTGC;8752112;2
U2;>chr1:27310581-27310877:MacFas.5;122;1028;907;0.12|R;ACTGTGTAGACCTGAGCA;0.6|R;AAGGAACTGGAAGTGCTG;8752112;2
U2;>chr24:25838908-25840204:nomLeu3;89;807;719;0.3|F;TGGATGGAGCAGACTGTT;0.4|R;AGGCCTCTGGATTCCTAA;8752112;2
U2;>chr1:27310081-27311377:hg19;90;807;718;0.3|F;TGGATGGAGCAGACTGTT;0.4|R;AGGCCTCTGGATTCCTAA;8752112;2
U2;>chr7:61081040-61082334:calJac3;297;1214;918;0.7|F;CTGGTGTGCAGCCAGTCT;0.8|R;TTCTAGAAGCCAGAAGTCTTGG;8752112;2
U2;>chr1:203388102-203389398:ponAbe2;488;1211;724;0.4|R;AGGCCTCTGGATTCCTAA;0.3|F;TGGATGGAGCAGACTGTT;8752112;2
U2;>JH378107:57392565-57393858:saiBol1;323;1215;893;0.9|F;AGACTGCTCGAAATGCTT;0.10|R;CCTAGAAGCCAGCAGTCTTG;8752112;2
U2;>chr1:27310581-27310877:ChlSab.1;122;1021;900;0.12|R;ACTGTGTAGACCTGAGCA;0.6|R;AAGGAACTGGAAGTGCTG;8752112;2
U2;>chr1:29171720-29173016:papAnu2;269;1171;903;0.6|R;AAGGAACTGGAAGTGCTG;0.5|F;TGTGTAGACCTGAGCAAGTC;8752112;2
U2;>chr1:27299882-27301178:PanPan1.1;7;807;801;0.1|F;CTCAGCAGCATGGTCACC;0.4|R;AGGCCTCTGGATTCCTAA;8752112;2
U2;>chr1:26986437-26987733:panTro4;7;807;801;0.1|F;CTCAGCAGCATGGTCACC;0.4|R;AGGCCTCTGGATTCCTAA;8752112;2
U2;>chr1:27310581-27310877:MacFas.5;122;1034;913;0.12|R;ACTGTGTAGACCTGAGCA;0.11|R;AATGTCAAGGAACTGGAAGTGC;8752112;2
U2;>chr1:27310581-27310877:ChlSab.1;122;1027;906;0.12|R;ACTGTGTAGACCTGAGCA;0.11|R;AATGTCAAGGAACTGGAAGTGC;8752112;2
U2;>chr1:29171720-29173016:papAnu2;263;1173;911;0.11|R;AATGTCAAGGAACTGGAAGTGC;0.12|R;ACTGTGTAGACCTGAGCA;8752112;2
U2;>chr1:27299882-27301178:PanPan1.1;7;1182;1176;0.1|F;CTCAGCAGCATGGTCACC;0.12|R;ACTGTGTGGACCTGAGCA;8752112;2
U2;>chr1:26986437-26987733:panTro4;99;807;709;0.3|F;TGGATGGAGCAGACTGTT;0.4|R;AGGCCTCTGGATTCCTAA;8752112;2
U2;>chr1:27310581-27310877:MacFas.5;124;1028;905;0.5|F;TGTGTAGACCTGAGCAAGTC;0.6|R;AAGGAACTGGAAGTGCTG;8752112;2
U2;>chr1:27310581-27310877:ChlSab.1;124;1021;898;0.5|F;TGTGTAGACCTGAGCAAGTC;0.6|R;AAGGAACTGGAAGTGCTG;8752112;2
U2;>chr1:29171720-29173016:papAnu2;263;1171;909;0.11|R;AATGTCAAGGAACTGGAAGTGC;0.5|F;TGTGTAGACCTGAGCAAGTC;8752112;2
U2;>chr1:27299882-27301178:PanPan1.1;99;807;709;0.3|F;TGGATGGAGCAGACTGTT;0.4|R;AGGCCTCTGGATTCCTAA;8752112;2
U2;>chr1:27310581-27310877:MacFas.5;124;1034;911;0.5|F;TGTGTAGACCTGAGCAAGTC;0.11|R;AATGTCAAGGAACTGGAAGTGC;8752112;2
U2;>chr1:27310581-27310877:ChlSab.1;124;1027;904;0.5|F;TGTGTAGACCTGAGCAAGTC;0.11|R;AATGTCAAGGAACTGGAAGTGC;8752112;2
U2;>chr1:27299882-27301178:PanPan1.1;99;1182;1084;0.3|F;TGGATGGAGCAGACTGTT;0.12|R;ACTGTGTGGACCTGAGCA;8752112;2
U2;>chr1:27299882-27301178:PanPan1.1;270;1182;913;0.6|R;AAGGAGCTGGAAGTGCTG;0.12|R;ACTGTGTGGACCTGAGCA;8752112;2
U3;>chr1:29179969-29181311:papAnu2;37;996;960;0.13|F;AGTTGGGAGCAGTGATCTGC;0.11|R;GACGCTTCTCATCTGGCC;8752112;2
U3;>scaffold7535:99772-101114:papHam1;257;1097;841;0.2|R;CAGCTCAGCCATTCATGC;0.1|F;CCTCCAACTCTCTGAGTTCC;8752112;2
U3;>chr1:27307341-27308693:PanPan1.1;44;1094;1051;0.13|F;AGTTGGGAGCAGTGATCTGC;0.2|R;AGCTCAGCCATTCATGCC;8752112;2
U3;>chr1:26994735-26996087:panTro4;44;1094;1051;0.13|F;AGTTGGGAGCAGTGATCTGC;0.2|R;AGCTCAGCCATTCATGCC;8752112;2
U3;>chr1:27318087-27318439:MacFas.5;268;1302;1035;0.2|R;CAGCTCAGCCATTCATGC;0.13|F;AGTTGGGAGCAGTGATCTGC;8752112;2
U3;>chr24:25846285-25847638:nomLeu3;43;1008;966;0.13|F;AGTTGGGAGCAGTGATCTGC;0.11|R;GACGCTTCTCATCTGGCC;8752112;2
U3;>chr1:27942401-27943753:gorGor3;251;1094;844;0.1|F;CCTCCAACTCTCTGAGTTCC;0.2|R;AGCTCAGCCATTCATGCC;8752112;2
U3;>chr1:27317587-27318939:hg19;44;1094;1051;0.13|F;AGTTGGGAGCAGTGATCTGC;0.2|R;AGCTCAGCCATTCATGCC;8752112;2
U3;>chr1:29840363-29841703:rheMac3;244;1070;827;0.1|F;CCTCCAACTCTCTGAGTTCC;0.2|R;AGCTCAGCCATTCATGCC;8752112;2
U3;>chr7:61090169-61091512:calJac3;198;997;800;0.9|F;CTGGTATCTCCTGAGCCTCC;0.11|R;GACGATTCTCATCTGGCC;8752112;2
U3;>scaffold_446:332711-334047:micMur1;357;1090;734;0.3|F;GACTGAGCCTGCCTACGT;0.4|R;AATTCAGCATGGTGATCCTCCT;8752112;2
U3;>chr1:203380340-203381692:ponAbe2;256;1100;845;0.2|R;CAGCTCAGCCATTCATGC;0.1|F;CCTCCAACTCTCTGAGTTCC;8752112;2
U3;>JH378107:57401222-57402565:saiBol1;198;998;801;0.9|F;CCGGTATCTCCTGAGCCTCC;0.11|R;GACGATTCTCATCTGGCC;8752112;2
U3;>chr1:27318087-27318439:ChlSab.1;257;1130;874;0.2|R;CAGCTCAGCCATTCATGC;0.9|F;TGGTAGCTCCTGAGCCTC;8752112;2
U3;>chr1:29179969-29181311:papAnu2;37;1083;1047;0.13|F;AGTTGGGAGCAGTGATCTGC;0.2|R;AGCTCAGCCATTCATGCC;8752112;2
U3;>scaffold7535:99772-101114:papHam1;257;1304;1048;0.2|R;CAGCTCAGCCATTCATGC;0.13|F;AGTTGGGAGCAGTGATCTGC;8752112;2
U3;>chr1:27307341-27308693:PanPan1.1;251;1094;844;0.1|F;CCTCCAACTCTCTGAGTTCC;0.2|R;AGCTCAGCCATTCATGCC;8752112;2
U3;>chr1:26994735-26996087:panTro4;251;1094;844;0.1|F;CCTCCAACTCTCTGAGTTCC;0.2|R;AGCTCAGCCATTCATGCC;8752112;2
U3;>chr1:27318087-27318439:MacFas.5;268;1131;864;0.2|R;CAGCTCAGCCATTCATGC;0.9|F;TGGTAGCTCCTGAGCCTC;8752112;2
U3;>chr24:25846285-25847638:nomLeu3;43;1095;1053;0.13|F;AGTTGGGAGCAGTGATCTGC;0.2|R;AGCTCAGCCATTCATGCC;8752112;2
U3;>chr1:27942401-27943753:gorGor3;215;1094;880;0.9|F;TGGTAGCTCCTGAGCCTC;0.2|R;AGCTCAGCCATTCATGCC;8752112;2
U3;>chr1:27317587-27318939:hg19;251;1094;844;0.1|F;CCTCCAACTCTCTGAGTTCC;0.2|R;AGCTCAGCCATTCATGCC;8752112;2
U3;>chr1:29840363-29841703:rheMac3;244;1071;828;0.1|F;CCTCCAACTCTCTGAGTTCC;0.2|R;CAGCTCAGCCATTCATGC;8752112;2
U3;>chr7:61090169-61091512:calJac3;235;997;763;0.1|F;CCTCCAACTCTCTGAGTTCC;0.11|R;GACGATTCTCATCTGGCC;8752112;2
U3;>chr1:203380340-203381692:ponAbe2;256;1307;1052;0.2|R;CAGCTCAGCCATTCATGC;0.13|F;AGTTGGAAGCAGTGATCTGC;8752112;2
U3;>JH378107:57401222-57402565:saiBol1;198;1085;888;0.9|F;CCGGTATCTCCTGAGCCTCC;0.2|R;AGCTCAGCCATTCATGCC;8752112;2
U3;>chr1:27318087-27318439:ChlSab.1;257;1156;900;0.2|R;CAGCTCAGCCATTCATGC;0.8|F;GGCAAGCCTCCTTGCTGG;8752112;2
U3;>chr1:29179969-29181311:papAnu2;37;1084;1048;0.13|F;AGTTGGGAGCAGTGATCTGC;0.2|R;CAGCTCAGCCATTCATGC;8752112;2
U3;>scaffold7535:99772-101114:papHam1;257;1133;877;0.2|R;CAGCTCAGCCATTCATGC;0.9|F;TGGTAGCTCCTGAGCCTC;8752112;2
U3;>chr1:27307341-27308693:PanPan1.1;189;1094;906;0.8|F;GGCAAGCCTCCTTGCTGG;0.2|R;AGCTCAGCCATTCATGCC;8752112;2
U3;>chr1:26994735-26996087:panTro4;189;1094;906;0.8|F;GGCAAGCCTCCTTGCTGG;0.2|R;AGCTCAGCCATTCATGCC;8752112;2
U3;>chr1:27318087-27318439:MacFas.5;269;1302;1034;0.2|R;AGCTCAGCCATTCATGCC;0.13|F;AGTTGGGAGCAGTGATCTGC;8752112;2
U3;>chr24:25846285-25847638:nomLeu3;43;1096;1054;0.13|F;AGTTGGGAGCAGTGATCTGC;0.2|R;CAGCTCAGCCATTCATGC;8752112;2
U3;>chr1:27317587-27318939:hg19;189;1094;906;0.8|F;GGCAAGCCTCCTTGCTGG;0.2|R;AGCTCAGCCATTCATGCC;8752112;2
U3;>chr1:203380340-203381692:ponAbe2;256;1136;881;0.2|R;CAGCTCAGCCATTCATGC;0.9|F;TGGTAGCTCCTGAGCCTC;8752112;2
U3;>JH378107:57401222-57402565:saiBol1;198;1086;889;0.9|F;CCGGTATCTCCTGAGCCTCC;0.2|R;CAGCTCAGCCATTCATGC;8752112;2
U3;>chr1:27318087-27318439:ChlSab.1;258;1130;873;0.2|R;AGCTCAGCCATTCATGCC;0.9|F;TGGTAGCTCCTGAGCCTC;8752112;2
U3;>chr1:29179969-29181311:papAnu2;244;996;753;0.1|F;CCTCCAACTCTCTGAGTTCC;0.11|R;GACGCTTCTCATCTGGCC;8752112;2
U3;>scaffold7535:99772-101114:papHam1;258;1097;840;0.2|R;AGCTCAGCCATTCATGCC;0.1|F;CCTCCAACTCTCTGAGTTCC;8752112;2
U3;>chr1:27307341-27308693:PanPan1.1;215;1094;880;0.9|F;TGGTAGCTCCTGAGCCTC;0.2|R;AGCTCAGCCATTCATGCC;8752112;2
U3;>chr1:26994735-26996087:panTro4;215;1094;880;0.9|F;TGGTAGCTCCTGAGCCTC;0.2|R;AGCTCAGCCATTCATGCC;8752112;2
U3;>chr1:27318087-27318439:MacFas.5;269;1131;863;0.2|R;AGCTCAGCCATTCATGCC;0.9|F;TGGTAGCTCCTGAGCCTC;8752112;2
U3;>chr24:25846285-25847638:nomLeu3;250;1008;759;0.1|F;CCTCCAACTCTCTGAGTTCC;0.11|R;GACGCTTCTCATCTGGCC;8752112;2
U3;>chr1:27317587-27318939:hg19;215;1094;880;0.9|F;TGGTAGCTCCTGAGCCTC;0.2|R;AGCTCAGCCATTCATGCC;8752112;2
U3;>chr1:203380340-203381692:ponAbe2;256;1162;907;0.2|R;CAGCTCAGCCATTCATGC;0.8|F;GGCAAGCCTCCTTGCTGG;8752112;2
U3;>JH378107:57401222-57402565:saiBol1;235;998;764;0.1|F;CCTCCAACTCTCTGAGTTCC;0.11|R;GACGATTCTCATCTGGCC;8752112;2
U3;>chr1:27318087-27318439:ChlSab.1;258;1156;899;0.2|R;AGCTCAGCCATTCATGCC;0.8|F;GGCAAGCCTCCTTGCTGG;8752112;2
U3;>chr1:29179969-29181311:papAnu2;244;1083;840;0.1|F;CCTCCAACTCTCTGAGTTCC;0.2|R;AGCTCAGCCATTCATGCC;8752112;2
U3;>scaffold7535:99772-101114:papHam1;258;1304;1047;0.2|R;AGCTCAGCCATTCATGCC;0.13|F;AGTTGGGAGCAGTGATCTGC;8752112;2
U3;>chr1:27307341-27308693:PanPan1.1;25;1094;1070;0.6|F;CCTGAATCAGTCCTTGAGGAGT;0.2|R;AGCTCAGCCATTCATGCC;8752112;2
U3;>chr1:26994735-26996087:panTro4;25;1094;1070;0.6|F;CCTGAATCAGTCCTTGAGGAGT;0.2|R;AGCTCAGCCATTCATGCC;8752112;2
U3;>chr24:25846285-25847638:nomLeu3;250;1095;846;0.1|F;CCTCCAACTCTCTGAGTTCC;0.2|R;AGCTCAGCCATTCATGCC;8752112;2
U3;>chr1:27317587-27318939:hg19;25;1094;1070;0.6|F;CCTGAATCAGTCCTTGAGGAGT;0.2|R;AGCTCAGCCATTCATGCC;8752112;2
U3;>chr1:203380340-203381692:ponAbe2;256;1326;1071;0.2|R;CAGCTCAGCCATTCATGC;0.6|F;CCTGAATCAGTCCTTGAGGAGT;8752112;2
U3;>JH378107:57401222-57402565:saiBol1;235;1085;851;0.1|F;CCTCCAACTCTCTGAGTTCC;0.2|R;AGCTCAGCCATTCATGCC;8752112;2
U3;>chr1:27318087-27318439:ChlSab.1;345;1130;786;0.11|R;GACGCTTCTCATCTGGCC;0.9|F;TGGTAGCTCCTGAGCCTC;8752112;2
U3;>chr1:29179969-29181311:papAnu2;244;1084;841;0.1|F;CCTCCAACTCTCTGAGTTCC;0.2|R;CAGCTCAGCCATTCATGC;8752112;2
U3;>scaffold7535:99772-101114:papHam1;258;1133;876;0.2|R;AGCTCAGCCATTCATGCC;0.9|F;TGGTAGCTCCTGAGCCTC;8752112;2
U3;>chr24:25846285-25847638:nomLeu3;250;1096;847;0.1|F;CCTCCAACTCTCTGAGTTCC;0.2|R;CAGCTCAGCCATTCATGC;8752112;2
U3;>chr1:203380340-203381692:ponAbe2;596;1307;712;0.5|F;GAAGGTGTCGCCAGTGTG;0.13|F;AGTTGGAAGCAGTGATCTGC;8752112;2
U3;>JH378107:57401222-57402565:saiBol1;235;1086;852;0.1|F;CCTCCAACTCTCTGAGTTCC;0.2|R;CAGCTCAGCCATTCATGC;8752112;2
U3;>chr1:27318087-27318439:ChlSab.1;345;1156;812;0.11|R;GACGCTTCTCATCTGGCC;0.8|F;GGCAAGCCTCCTTGCTGG;8752112;2
U3;>chr1:29179969-29181311:papAnu2;208;996;789;0.9|F;TGGTAGCTCCTGAGCCTC;0.11|R;GACGCTTCTCATCTGGCC;8752112;2
U3;>scaffold7535:99772-101114:papHam1;345;1097;753;0.11|R;GACGCTTCTCATCTGGCC;0.1|F;CCTCCAACTCTCTGAGTTCC;8752112;2
U3;>chr24:25846285-25847638:nomLeu3;188;1008;821;0.8|F;GGCAAGCCTCCTTGCTGG;0.11|R;GACGCTTCTCATCTGGCC;8752112;2
U3;>chr1:203380340-203381692:ponAbe2;596;1326;731;0.5|F;GAAGGTGTCGCCAGTGTG;0.6|F;CCTGAATCAGTCCTTGAGGAGT;8752112;2
U3;>chr1:27318087-27318439:ChlSab.1;224;1130;907;0.7|F;AATCCAGATTCTTGAATCTGTACA;0.9|F;TGGTAGCTCCTGAGCCTC;8752112;2
U3;>chr1:29179969-29181311:papAnu2;208;1083;876;0.9|F;TGGTAGCTCCTGAGCCTC;0.2|R;AGCTCAGCCATTCATGCC;8752112;2
U3;>scaffold7535:99772-101114:papHam1;345;1304;960;0.11|R;GACGCTTCTCATCTGGCC;0.13|F;AGTTGGGAGCAGTGATCTGC;8752112;2
U3;>chr24:25846285-25847638:nomLeu3;188;1095;908;0.8|F;GGCAAGCCTCCTTGCTGG;0.2|R;AGCTCAGCCATTCATGCC;8752112;2
U3;>chr1:27318087-27318439:ChlSab.1;224;1156;933;0.7|F;AATCCAGATTCTTGAATCTGTACA;0.8|F;GGCAAGCCTCCTTGCTGG;8752112;2
U3;>chr1:29179969-29181311:papAnu2;208;1084;877;0.9|F;TGGTAGCTCCTGAGCCTC;0.2|R;CAGCTCAGCCATTCATGC;8752112;2
U3;>scaffold7535:99772-101114:papHam1;345;1133;789;0.11|R;GACGCTTCTCATCTGGCC;0.9|F;TGGTAGCTCCTGAGCCTC;8752112;2
U3;>chr24:25846285-25847638:nomLeu3;188;1096;909;0.8|F;GGCAAGCCTCCTTGCTGG;0.2|R;CAGCTCAGCCATTCATGC;8752112;2
U3;>chr24:25846285-25847638:nomLeu3;214;1008;795;0.9|F;TGGTAGCTCCTGAGCCTC;0.11|R;GACGCTTCTCATCTGGCC;8752112;2
U3;>chr24:25846285-25847638:nomLeu3;214;1095;882;0.9|F;TGGTAGCTCCTGAGCCTC;0.2|R;AGCTCAGCCATTCATGCC;8752112;2
U3;>chr24:25846285-25847638:nomLeu3;214;1096;883;0.9|F;TGGTAGCTCCTGAGCCTC;0.2|R;CAGCTCAGCCATTCATGC;8752112;2
E1;>chr1:29181278-29184696:papAnu2;655;2997;2343;0.1|F;GGACCCTACCTATCGTGGAATCAGCC;0.6|R;CAGCAATACAGTAGCCAGGTCATTCA;8765230;1
E1;>scaffold7535:96386-99805:papHam1;364;2763;2400;0.2|R;GAAGAGATCCACTTCGCAGACTGACA;0.1|F;GGACCCTACCTATCGTGGAATCAGCC;8765230;1
E1;>chr1:27308713-27312242:PanPan1.1;47;2845;2799;0.10|F;GGCTGGTCTAGAACTCCTGACCTTAG;0.11|R;ACATCCTGTCCTGGTTATATGAGTCA;8765230;1
E1;>chr1:26996113-26999816:panTro4;656;3019;2364;0.9|F;CGCTCTACCTATCGTGGAATCAGTCC;0.11|R;ACATCCTGTCCTGGTTATATGAGTCA;8765230;1
E1;>chr1:27319449-27321900:MacFas.5;420;2860;2441;0.6|R;CAGCAATACAGTAGCCAGGTCATTCA;0.1|F;GGACCCTACCTATCGTGGAATCAGCC;8765230;1
E1;>chr24:25847642-25850886:nomLeu3;654;2886;2233;0.1|F;GGACTCTACCTATCGTGGAATCAGCC;0.4|R;GGAGGTTAAGAGATCCACTTCGCAGA;8765230;1
E1;>chr1:27943753-27947200:gorGor3;656;3026;2371;0.9|F;GGCTCTACCTATCGTGGAATCAGTCC;0.6|R;CAGCAATGCAGTAGCCAGGTCATTCA;8765230;1
E1;>chr1:27318949-27322400:hg19;656;3092;2437;0.9|F;CGCTCTACCTATCGTGGAATCAGTCC;0.4|R;GGAGGTTAAGAGATCCACTTCGCAGA;8765230;1
E1;>chr1:29841663-29844932:rheMac3;644;2848;2205;0.1|F;GGACCCTACCTATCGTGGAATCAGCC;0.6|R;CAGCAATACAGTAGCCAGGTCATTCA;8765230;1
E1;>chr7:61091214-61094759:calJac3;892;3183;2292;0.3|F;CAGCTACCAGAGTTTATGACTCTGAG;0.2|R;GAAGAGATCCACTTCACAGACTGACA;8765230;1
E1;>JH378107:57402225-57405627:saiBol1;26;3040;3015;0.12|F;TACCAAGAGGACTAGACTCAGGTATCTG;0.2|R;GAAGAGATCCACTTCACAGACTGACA;8765230;1
E1;>chr1:27319449-27321900:ChlSab.1;364;3399;3036;0.2|R;GAAGAGATCCACTTCGCAGACTGACA;0.8|R;GGACTTCTCCATTCTCAGCAAGCTCT;8765230;1
E1;>chr1:29181278-29184696:papAnu2;655;3053;2399;0.1|F;GGACCCTACCTATCGTGGAATCAGCC;0.2|R;GAAGAGATCCACTTCGCAGACTGACA;8765230;1
E1;>scaffold7535:96386-99805:papHam1;420;2763;2344;0.6|R;CAGCAATACAGTAGCCAGGTCATTCA;0.1|F;GGACCCTACCTATCGTGGAATCAGCC;8765230;1
E1;>chr1:27308713-27312242:PanPan1.1;47;3170;3124;0.10|F;GGCTGGTCTAGAACTCCTGACCTTAG;0.4|R;GGAGGTTAAGAGATCCACTTCGCAGA;8765230;1
E1;>chr1:26996113-26999816:panTro4;656;3344;2689;0.9|F;CGCTCTACCTATCGTGGAATCAGTCC;0.4|R;GGAGGTTAAGAGATCCACTTCGCAGA;8765230;1
E1;>chr1:27943753-27947200:gorGor3;656;3088;2433;0.9|F;GGCTCTACCTATCGTGGAATCAGTCC;0.4|R;GGAGGTTAAGAGATCCACTTCGCAGA;8765230;1
E1;>chr1:27318949-27322400:hg19;666;3092;2427;0.5|F;ATCGTGGAATCAGTCCAGCTAGATCC;0.4|R;GGAGGTTAAGAGATCCACTTCGCAGA;8765230;1
E1;>chr1:29841663-29844932:rheMac3;644;2904;2261;0.1|F;GGACCCTACCTATCGTGGAATCAGCC;0.2|R;GAAGAGATCCACTTCGCAGACTGACA;8765230;1
E1;>chr7:61091214-61094759:calJac3;892;3491;2600;0.3|F;CAGCTACCAGAGTTTATGACTCTGAG;0.13|R;AGAGTTGTTGTCAGTCACAGAGCAGA;8765230;1
E1;>JH378107:57402225-57405627:saiBol1;26;3350;3325;0.12|F;TACCAAGAGGACTAGACTCAGGTATCTG;0.13|R;AGAGTTGTTGTCAGTCACAGAGCAGA;8765230;1
E1;>chr1:27319449-27321900:ChlSab.1;420;3399;2980;0.6|R;CAGCAATACAGTAGCCAGGTCATTCA;0.8|R;GGACTTCTCCATTCTCAGCAAGCTCT;8765230;1
E1;>chr1:27308713-27312242:PanPan1.1;656;3170;2515;0.9|F;CGCTCTACCTATCGTGGAATCAGTCC;0.4|R;GGAGGTTAAGAGATCCACTTCGCAGA;8765230;1
E1;>chr1:26996113-26999816:panTro4;666;3019;2354;0.5|F;ATCGTGGAATCAGTCCAGCTAGATCC;0.11|R;ACATCCTGTCCTGGTTATATGAGTCA;8765230;1
E1;>chr1:27943753-27947200:gorGor3;666;3026;2361;0.5|F;ATCGTGGAATCAGTCCAGCTAGATCC;0.6|R;CAGCAATGCAGTAGCCAGGTCATTCA;8765230;1
E1;>chr1:27319449-27321900:ChlSab.1;681;3399;2719;0.7|F;TAGACATCCTGTCCTGGTTATCTGAG;0.8|R;GGACTTCTCCATTCTCAGCAAGCTCT;8765230;1
E1;>chr1:27308713-27312242:PanPan1.1;666;3170;2505;0.5|F;ATCGTGGAATCAGTCCAGCTAGATCC;0.4|R;GGAGGTTAAGAGATCCACTTCGCAGA;8765230;1
E1;>chr1:26996113-26999816:panTro4;666;3344;2679;0.5|F;ATCGTGGAATCAGTCCAGCTAGATCC;0.4|R;GGAGGTTAAGAGATCCACTTCGCAGA;8765230;1
E1;>chr1:27943753-27947200:gorGor3;666;3088;2423;0.5|F;ATCGTGGAATCAGTCCAGCTAGATCC;0.4|R;GGAGGTTAAGAGATCCACTTCGCAGA;8765230;1
E1;>chr1:27308713-27312242:PanPan1.1;951;3170;2220;0.3|F;CAGCTACCAGAGCTTATGACTCTGAG;0.4|R;GGAGGTTAAGAGATCCACTTCGCAGA;8765230;1
E1;>chr1:29181278-29184696:papAnu2;948;3043;2096;0.7|F;ACACCAGCTACCAGAGCTTATG;0.2|F;ACTTCGCAGACTGACAGGTGAG;8752112;2
E1;>scaffold7535:96386-99805:papHam1;365;2470;2106;0.1|R;AAGAGATCCACTTCGCAGACTG;0.7|F;ACACCAGCTACCAGAGCTTATG;8752112;2
E1;>chr1:27308713-27312242:PanPan1.1;947;3163;2217;0.7|F;ACACCAGCTACCAGAGCTTATG;0.1|R;AAGAGATCCACTTCGCAGACTG;8752112;2
E1;>chr1:26996113-26999816:panTro4;589;3337;2749;0.12|F;CCTCTGTGATGCCACCAA;0.1|R;AAGAGATCCACTTCGCAGACTG;8752112;2
E1;>chr1:27319449-27321900:MacFas.5;365;2567;2203;0.1|R;AAGAGATCCACTTCGCAGACTG;0.7|F;ACACCAGCTACCAGAGCTTATG;8752112;2
E1;>chr24:25847642-25850886:nomLeu3;588;2879;2292;0.12|F;CCTCTGTGATGCCACCAA;0.1|R;AAGAGATCCACTTCGCAGACTG;8752112;2
E1;>chr1:27943753-27947200:gorGor3;947;3081;2135;0.7|F;ACACCAGCTACCAGAGCTTATG;0.1|R;AAGAGATCCACTTCGCAGACTG;8752112;2
E1;>chr1:27318949-27322400:hg19;947;3085;2139;0.7|F;ACACCAGCTACCAGAGCTTATG;0.1|R;AAGAGATCCACTTCGCAGACTG;8752112;2
E1;>chr1:29841663-29844932:rheMac3;589;2894;2306;0.12|F;CCTCTGTGATGCCACCAA;0.2|F;ACTTCGCAGACTGACAAGTGAG;8752112;2
E1;>chr7:61091214-61094759:calJac3;539;2838;2300;0.12|F;CCTCTGTGGTGCCACCAA;0.13|R;GTCAGGCCATAGTCCTAGCACA;8752112;2
E1;>scaffold_446:329556-332964:micMur1;392;2895;2504;0.8|F;TGCAGCTAACTCAGACGC;0.9|R;GCTCTATAAGTCTCGGAGCG;8752112;2
E1;>JH378107:57402225-57405627:saiBol1;539;3039;2501;0.12|F;CCTCTGTGGTGCCACCAA;0.1|R;AAGAGATCCACTTCACAGACTG;8752112;2
E1;>chr1:27319449-27321900:ChlSab.1;365;2473;2109;0.1|R;AAGAGATCCACTTCGCAGACTG;0.7|F;ACACCAGCTACCAGAGCTTATG;8752112;2
E1;>chr1:29181278-29184696:papAnu2;948;3052;2105;0.7|F;ACACCAGCTACCAGAGCTTATG;0.1|R;AAGAGATCCACTTCGCAGACTG;8752112;2
E1;>scaffold7535:96386-99805:papHam1;365;2579;2215;0.1|R;AAGAGATCCACTTCGCAGACTG;0.3|F;GCACTGCACAAGGAGTCA;8752112;2
E1;>chr1:27308713-27312242:PanPan1.1;947;3052;2106;0.7|F;ACACCAGCTACCAGAGCTTATG;0.11|R;GGCATCTGGACAGGAAGA;8752112;2
E1;>chr1:26996113-26999816:panTro4;589;3226;2638;0.12|F;CCTCTGTGATGCCACCAA;0.11|R;GGCATCTGGACAGGAAGA;8752112;2
E1;>chr1:27319449-27321900:MacFas.5;365;2676;2312;0.1|R;AAGAGATCCACTTCGCAGACTG;0.3|F;GCACTGCACAAGGAGTCA;8752112;2
E1;>chr24:25847642-25850886:nomLeu3;588;2700;2113;0.12|F;CCTCTGTGATGCCACCAA;0.4|F;GCTGATGCCATACCTGCC;8752112;2
E1;>chr1:27943753-27947200:gorGor3;947;2970;2024;0.7|F;ACACCAGCTACCAGAGCTTATG;0.11|R;GGCATCTGGACAGGAAGA;8752112;2
E1;>chr1:27318949-27322400:hg19;947;2974;2028;0.7|F;ACACCAGCTACCAGAGCTTATG;0.11|R;GGCATCTGGACAGGAAGA;8752112;2
E1;>chr1:29841663-29844932:rheMac3;589;2903;2315;0.12|F;CCTCTGTGATGCCACCAA;0.1|R;AAGAGATCCACTTCGCAGACTG;8752112;2
E1;>chr7:61091214-61094759:calJac3;539;3182;2644;0.12|F;CCTCTGTGGTGCCACCAA;0.1|R;AAGAGATCCACTTCACAGACTG;8752112;2
E1;>JH378107:57402225-57405627:saiBol1;539;2925;2387;0.12|F;CCTCTGTGGTGCCACCAA;0.11|R;GGCATCTGGACAGTAAGA;8752112;2
E1;>chr1:27319449-27321900:ChlSab.1;365;2832;2468;0.1|R;AAGAGATCCACTTCGCAGACTG;0.12|F;CCTCTGTGATGCCACCAA;8752112;2
E1;>chr1:29181278-29184696:papAnu2;948;3048;2101;0.7|F;ACACCAGCTACCAGAGCTTATG;0.6|R;GATCCACTTCGCAGACTG;8752112;2
E1;>scaffold7535:96386-99805:papHam1;365;2829;2465;0.1|R;AAGAGATCCACTTCGCAGACTG;0.12|F;CCTCTGTGATGCCACCAA;8752112;2
E1;>chr1:27308713-27312242:PanPan1.1;947;3159;2213;0.7|F;ACACCAGCTACCAGAGCTTATG;0.6|R;GATCCACTTCGCAGACTG;8752112;2
E1;>chr1:26996113-26999816:panTro4;589;3333;2745;0.12|F;CCTCTGTGATGCCACCAA;0.6|R;GATCCACTTCGCAGACTG;8752112;2
E1;>chr1:27319449-27321900:MacFas.5;365;2915;2551;0.1|R;AAGAGATCCACTTCGCAGACTG;0.12|F;CCTCTGTGATGCCACCAA;8752112;2
E1;>chr24:25847642-25850886:nomLeu3;588;2768;2181;0.12|F;CCTCTGTGATGCCACCAA;0.11|R;GGCATCTGGACAGGAAGA;8752112;2
E1;>chr1:27943753-27947200:gorGor3;947;3077;2131;0.7|F;ACACCAGCTACCAGAGCTTATG;0.6|R;GATCCACTTCGCAGACTG;8752112;2
E1;>chr1:27318949-27322400:hg19;947;3081;2135;0.7|F;ACACCAGCTACCAGAGCTTATG;0.6|R;GATCCACTTCGCAGACTG;8752112;2
E1;>chr1:29841663-29844932:rheMac3;589;2724;2136;0.12|F;CCTCTGTGATGCCACCAA;0.4|F;GATGATGCCATACCTGCC;8752112;2
E1;>chr7:61091214-61094759:calJac3;778;2838;2061;0.3|F;GCACTGCACAAGGAGTCA;0.13|R;GTCAGGCCATAGTCCTAGCACA;8752112;2
E1;>JH378107:57402225-57405627:saiBol1;792;3039;2248;0.10|F;CGAGGAGTCAAGCCTCCTGG;0.1|R;AAGAGATCCACTTCACAGACTG;8752112;2
E1;>chr1:27319449-27321900:ChlSab.1;365;2625;2261;0.1|R;AAGAGATCCACTTCGCAGACTG;0.5|F;GGCAGAACTGATTCGGCCAA;8752112;2
E1;>chr1:29181278-29184696:papAnu2;589;3043;2455;0.12|F;CCTCTGTGATGCCACCAA;0.2|F;ACTTCGCAGACTGACAGGTGAG;8752112;2
E1;>scaffold7535:96386-99805:papHam1;365;2622;2258;0.1|R;AAGAGATCCACTTCGCAGACTG;0.5|F;GGCAGAACTGATTCGGCCAA;8752112;2
E1;>chr1:27308713-27312242:PanPan1.1;589;3163;2575;0.12|F;CCTCTGTGATGCCACCAA;0.1|R;AAGAGATCCACTTCGCAGACTG;8752112;2
E1;>chr1:27319449-27321900:MacFas.5;365;2719;2355;0.1|R;AAGAGATCCACTTCGCAGACTG;0.5|F;GGCAGAACTGATTCGGCCAA;8752112;2
E1;>chr24:25847642-25850886:nomLeu3;588;2875;2288;0.12|F;CCTCTGTGATGCCACCAA;0.6|R;GATCCACTTCGCAGACTG;8752112;2
E1;>chr1:27943753-27947200:gorGor3;589;3081;2493;0.12|F;CCTCTGTGATGCCACCAA;0.1|R;AAGAGATCCACTTCGCAGACTG;8752112;2
E1;>chr1:27318949-27322400:hg19;589;3085;2497;0.12|F;CCTCTGTGATGCCACCAA;0.1|R;AAGAGATCCACTTCGCAGACTG;8752112;2
E1;>chr1:29841663-29844932:rheMac3;589;2899;2311;0.12|F;CCTCTGTGATGCCACCAA;0.6|R;GATCCACTTCGCAGACTG;8752112;2
E1;>chr7:61091214-61094759:calJac3;778;3182;2405;0.3|F;GCACTGCACAAGGAGTCA;0.1|R;AAGAGATCCACTTCACAGACTG;8752112;2
E1;>JH378107:57402225-57405627:saiBol1;792;2925;2134;0.10|F;CGAGGAGTCAAGCCTCCTGG;0.11|R;GGCATCTGGACAGTAAGA;8752112;2
E1;>chr1:27319449-27321900:ChlSab.1;374;2473;2100;0.2|F;ACTTCGCAGACTGACAAGTGAG;0.7|F;ACACCAGCTACCAGAGCTTATG;8752112;2
E1;>chr1:29181278-29184696:papAnu2;589;3052;2464;0.12|F;CCTCTGTGATGCCACCAA;0.1|R;AAGAGATCCACTTCGCAGACTG;8752112;2
E1;>scaffold7535:96386-99805:papHam1;374;2470;2097;0.2|F;ACTTCGCAGACTGACAGGTGAG;0.7|F;ACACCAGCTACCAGAGCTTATG;8752112;2
E1;>chr1:27308713-27312242:PanPan1.1;589;3052;2464;0.12|F;CCTCTGTGATGCCACCAA;0.11|R;GGCATCTGGACAGGAAGA;8752112;2
E1;>chr1:27319449-27321900:MacFas.5;374;2567;2194;0.2|F;ACTTCGCAGACTGACAAGTGAG;0.7|F;ACACCAGCTACCAGAGCTTATG;8752112;2
E1;>chr24:25847642-25850886:nomLeu3;794;2879;2086;0.5|F;GGCAGAACTGATTCGGCCAA;0.1|R;AAGAGATCCACTTCGCAGACTG;8752112;2
E1;>chr1:27943753-27947200:gorGor3;589;2970;2382;0.12|F;CCTCTGTGATGCCACCAA;0.11|R;GGCATCTGGACAGGAAGA;8752112;2
E1;>chr1:27318949-27322400:hg19;589;2974;2386;0.12|F;CCTCTGTGATGCCACCAA;0.11|R;GGCATCTGGACAGGAAGA;8752112;2
E1;>chr1:29841663-29844932:rheMac3;828;2894;2067;0.3|F;GCACTGCACAAGGAGTCA;0.2|F;ACTTCGCAGACTGACAAGTGAG;8752112;2
E1;>chr1:27319449-27321900:ChlSab.1;374;2832;2459;0.2|F;ACTTCGCAGACTGACAAGTGAG;0.12|F;CCTCTGTGATGCCACCAA;8752112;2
E1;>chr1:29181278-29184696:papAnu2;589;3048;2460;0.12|F;CCTCTGTGATGCCACCAA;0.6|R;GATCCACTTCGCAGACTG;8752112;2
E1;>scaffold7535:96386-99805:papHam1;374;2579;2206;0.2|F;ACTTCGCAGACTGACAGGTGAG;0.3|F;GCACTGCACAAGGAGTCA;8752112;2
E1;>chr1:27308713-27312242:PanPan1.1;589;3159;2571;0.12|F;CCTCTGTGATGCCACCAA;0.6|R;GATCCACTTCGCAGACTG;8752112;2
E1;>chr1:27319449-27321900:MacFas.5;374;2676;2303;0.2|F;ACTTCGCAGACTGACAAGTGAG;0.3|F;GCACTGCACAAGGAGTCA;8752112;2
E1;>chr24:25847642-25850886:nomLeu3;794;2875;2082;0.5|F;GGCAGAACTGATTCGGCCAA;0.6|R;GATCCACTTCGCAGACTG;8752112;2
E1;>chr1:27943753-27947200:gorGor3;589;3077;2489;0.12|F;CCTCTGTGATGCCACCAA;0.6|R;GATCCACTTCGCAGACTG;8752112;2
E1;>chr1:27318949-27322400:hg19;589;3081;2493;0.12|F;CCTCTGTGATGCCACCAA;0.6|R;GATCCACTTCGCAGACTG;8752112;2
E1;>chr1:29841663-29844932:rheMac3;828;2903;2076;0.3|F;GCACTGCACAAGGAGTCA;0.1|R;AAGAGATCCACTTCGCAGACTG;8752112;2
E1;>chr1:27319449-27321900:ChlSab.1;374;2625;2252;0.2|F;ACTTCGCAGACTGACAAGTGAG;0.5|F;GGCAGAACTGATTCGGCCAA;8752112;2
E1;>chr1:29181278-29184696:papAnu2;839;3043;2205;0.3|F;GCACTGCACAAGGAGTCA;0.2|F;ACTTCGCAGACTGACAGGTGAG;8752112;2
E1;>scaffold7535:96386-99805:papHam1;374;2829;2456;0.2|F;ACTTCGCAGACTGACAGGTGAG;0.12|F;CCTCTGTGATGCCACCAA;8752112;2
E1;>chr1:27308713-27312242:PanPan1.1;795;3163;2369;0.5|F;GGCAGAACTGATTCGGCCAA;0.1|R;AAGAGATCCACTTCGCAGACTG;8752112;2
E1;>chr1:27319449-27321900:MacFas.5;374;2915;2542;0.2|F;ACTTCGCAGACTGACAAGTGAG;0.12|F;CCTCTGTGATGCCACCAA;8752112;2
E1;>chr1:29841663-29844932:rheMac3;828;2899;2072;0.3|F;GCACTGCACAAGGAGTCA;0.6|R;GATCCACTTCGCAGACTG;8752112;2
E1;>chr1:27319449-27321900:ChlSab.1;369;2473;2105;0.6|R;GATCCACTTCGCAGACTG;0.7|F;ACACCAGCTACCAGAGCTTATG;8752112;2
E1;>chr1:29181278-29184696:papAnu2;839;3052;2214;0.3|F;GCACTGCACAAGGAGTCA;0.1|R;AAGAGATCCACTTCGCAGACTG;8752112;2
E1;>scaffold7535:96386-99805:papHam1;374;2622;2249;0.2|F;ACTTCGCAGACTGACAGGTGAG;0.5|F;GGCAGAACTGATTCGGCCAA;8752112;2
E1;>chr1:27308713-27312242:PanPan1.1;795;3052;2258;0.5|F;GGCAGAACTGATTCGGCCAA;0.11|R;GGCATCTGGACAGGAAGA;8752112;2
E1;>chr1:27319449-27321900:MacFas.5;374;2719;2346;0.2|F;ACTTCGCAGACTGACAAGTGAG;0.5|F;GGCAGAACTGATTCGGCCAA;8752112;2
E1;>chr1:29841663-29844932:rheMac3;785;2894;2110;0.5|F;GGCAGAACTGATTCGGCCAA;0.2|F;ACTTCGCAGACTGACAAGTGAG;8752112;2
E1;>chr1:27319449-27321900:ChlSab.1;369;2832;2464;0.6|R;GATCCACTTCGCAGACTG;0.12|F;CCTCTGTGATGCCACCAA;8752112;2
E1;>chr1:29181278-29184696:papAnu2;839;3048;2210;0.3|F;GCACTGCACAAGGAGTCA;0.6|R;GATCCACTTCGCAGACTG;8752112;2
E1;>scaffold7535:96386-99805:papHam1;369;2470;2102;0.6|R;GATCCACTTCGCAGACTG;0.7|F;ACACCAGCTACCAGAGCTTATG;8752112;2
E1;>chr1:27308713-27312242:PanPan1.1;795;3159;2365;0.5|F;GGCAGAACTGATTCGGCCAA;0.6|R;GATCCACTTCGCAGACTG;8752112;2
E1;>chr1:27319449-27321900:MacFas.5;369;2567;2199;0.6|R;GATCCACTTCGCAGACTG;0.7|F;ACACCAGCTACCAGAGCTTATG;8752112;2
E1;>chr1:29841663-29844932:rheMac3;785;2903;2119;0.5|F;GGCAGAACTGATTCGGCCAA;0.1|R;AAGAGATCCACTTCGCAGACTG;8752112;2
E1;>chr1:27319449-27321900:ChlSab.1;369;2625;2257;0.6|R;GATCCACTTCGCAGACTG;0.5|F;GGCAGAACTGATTCGGCCAA;8752112;2
E1;>chr1:29181278-29184696:papAnu2;796;3043;2248;0.5|F;GGCAGAACTGATTCGGCCAA;0.2|F;ACTTCGCAGACTGACAGGTGAG;8752112;2
E1;>scaffold7535:96386-99805:papHam1;369;2579;2211;0.6|R;GATCCACTTCGCAGACTG;0.3|F;GCACTGCACAAGGAGTCA;8752112;2
E1;>chr1:27319449-27321900:MacFas.5;369;2676;2308;0.6|R;GATCCACTTCGCAGACTG;0.3|F;GCACTGCACAAGGAGTCA;8752112;2
E1;>chr1:29841663-29844932:rheMac3;785;2899;2115;0.5|F;GGCAGAACTGATTCGGCCAA;0.6|R;GATCCACTTCGCAGACTG;8752112;2
E1;>chr1:27319449-27321900:ChlSab.1;545;2832;2288;0.4|F;GATGATGCCATACCTGCC;0.12|F;CCTCTGTGATGCCACCAA;8752112;2
E1;>chr1:29181278-29184696:papAnu2;796;3052;2257;0.5|F;GGCAGAACTGATTCGGCCAA;0.1|R;AAGAGATCCACTTCGCAGACTG;8752112;2
E1;>scaffold7535:96386-99805:papHam1;369;2829;2461;0.6|R;GATCCACTTCGCAGACTG;0.12|F;CCTCTGTGATGCCACCAA;8752112;2
E1;>chr1:27319449-27321900:MacFas.5;369;2915;2547;0.6|R;GATCCACTTCGCAGACTG;0.12|F;CCTCTGTGATGCCACCAA;8752112;2
E1;>chr1:27319449-27321900:ChlSab.1;545;2625;2081;0.4|F;GATGATGCCATACCTGCC;0.5|F;GGCAGAACTGATTCGGCCAA;8752112;2
E1;>chr1:29181278-29184696:papAnu2;796;3048;2253;0.5|F;GGCAGAACTGATTCGGCCAA;0.6|R;GATCCACTTCGCAGACTG;8752112;2
E1;>scaffold7535:96386-99805:papHam1;369;2622;2254;0.6|R;GATCCACTTCGCAGACTG;0.5|F;GGCAGAACTGATTCGGCCAA;8752112;2
E1;>chr1:27319449-27321900:MacFas.5;369;2719;2351;0.6|R;GATCCACTTCGCAGACTG;0.5|F;GGCAGAACTGATTCGGCCAA;8752112;2
E1;>chr1:27319449-27321900:MacFas.5;544;2567;2024;0.4|F;GATGATGCCATACCTGCC;0.7|F;ACACCAGCTACCAGAGCTTATG;8752112;2
E1;>chr1:27319449-27321900:MacFas.5;544;2676;2133;0.4|F;GATGATGCCATACCTGCC;0.3|F;GCACTGCACAAGGAGTCA;8752112;2
E1;>chr1:27319449-27321900:MacFas.5;544;2915;2372;0.4|F;GATGATGCCATACCTGCC;0.12|F;CCTCTGTGATGCCACCAA;8752112;2
E1;>chr1:27319449-27321900:MacFas.5;544;2719;2176;0.4|F;GATGATGCCATACCTGCC;0.5|F;GGCAGAACTGATTCGGCCAA;8752112;2
I;>chr1:29185707-29187335:papAnu2;186;1339;1154;0.3|F;TGAGGTCAGGAGTTCAAGACCA;0.8|R;AGCCTAATCTCTAAGAGGCAAC;8772247;1
I;>scaffold7535:93745-95373:papHam1;169;1440;1272;0.4|R;CCTCTCCTTCAGCTCTGAGAAG;0.3|F;GAGGTCAGGAGTTCAAGACCAG;8772247;1
I;>chr1:27313227-27314973:PanPan1;28;1521;1494;0.1|F;TTAGTGCTATGTCCATTACCAC;0.8|R;AGCCTAATCTCTAAGAGGCAAC;8772247;1
I;>chr1:27000812-27002558:panTro4;17;1521;1505;0.1|F;TTAGTGCTATGTCCATTACCAC;0.8|R;AGCCTAATCTCTAAGAGGCAAC;8772247;1
I;>chr1:27323922-27324667:MacFas;169;1334;1166;0.4|R;CCTCTCCTTCAGCTCTGAGAAG;0.12|R;AGGCTGAGACAGGAGAATTGCT;8772247;1
I;>chr24:25851914-25853581:nomLeu3;181;1472;1292;0.3|F;TGAGGTCAGGAGTTCAAGACCA;0.11|R;CTTCAGCTCTGAGAAGCCTAAG;8772247;1
I;>chr1:27948221-27949949:gorGor3;17;1509;1493;0.1|F;TTAGTGCTATGTCCATTACCAC;0.8|R;AGCCTAATCTCTAAGAGGCAAC;8772247;1
I;>chr1:27323422-27325167:hg19;17;1518;1502;0.1|F;TTAGTGCTATGTCCATTACCAC;0.8|R;AGCCTAATCTCTAAGAGGCAAC;8772247;1
I;>chr1:29846254-29847886:rheMac3;69;1343;1275;0.7|F;GCAACAGAGCAAGACTCTATCT;0.8|R;AGCCTAATCTCTAAGAGGCAAC;8772247;1
I;>chr7:61095408-61097063:calJac3;0;1561;1562;0.9|F;CTTCCAGATGTTCCACTGCTCC;0.10|R;ATGTTCAAGCAATTCTCCTGCC;8772247;1
I;>chr1:203374772-203376510:ponAbe2;110;1443;1334;0.4|R;CCTCTCCTTCAGCTCTGAGAAG;0.12|R;AGGCTGAGACAGGAGAATTGCT;8772247;1
I;>JH378107:57406280-57407934:saiBol1;7;1350;1344;0.9|F;CTTCCAGATGTTCCACTGCTCC;0.8|R;AGCCTAATCTCTAAGAGGCAAC;8772247;1
I;>chr1:27323922-27324667:ChlSab;169;1335;1167;0.4|R;CCTCTCCTTCAGCTCTGAGAAG;0.12|R;AGGCTGAGACAGGAGAATTGCT;8772247;1
I;>chr1:29185707-29187335:papAnu2;186;1455;1270;0.3|F;TGAGGTCAGGAGTTCAAGACCA;0.2|R;CTCCTTCAGCTCTGAGAAGCCT;8772247;1
I;>scaffold7535:93745-95373:papHam1;169;1441;1273;0.4|R;CCTCTCCTTCAGCTCTGAGAAG;0.3|F;TGAGGTCAGGAGTTCAAGACCA;8772247;1
I;>chr1:27313227-27314973:PanPan1;28;1623;1596;0.1|F;TTAGTGCTATGTCCATTACCAC;0.11|R;CTTCAGCTCTGAGAAGCCTAAG;8772247;1
I;>chr1:27000812-27002558:panTro4;17;1623;1607;0.1|F;TTAGTGCTATGTCCATTACCAC;0.11|R;CTTCAGCTCTGAGAAGCCTAAG;8772247;1
I;>chr1:27323922-27324667:MacFas;169;1447;1279;0.4|R;CCTCTCCTTCAGCTCTGAGAAG;0.3|F;GAGGTCAGGAGTTCAAGACCAG;8772247;1
I;>chr24:25851914-25853581:nomLeu3;181;1475;1295;0.3|F;TGAGGTCAGGAGTTCAAGACCA;0.2|R;CTCCTTCAGCTCTGAGAAGCCT;8772247;1
I;>chr1:27948221-27949949:gorGor3;17;1611;1595;0.1|F;TTAGTGCTATGTCCATTACCAC;0.11|R;CTTCAGCTCTGAGAAGCCTAAG;8772247;1
I;>chr1:27323422-27325167:hg19;17;1620;1604;0.1|F;TTAGTGCTATGTCCATTACCAC;0.11|R;CTTCAGCTCTGAGAAGCCTAAG;8772247;1
I;>chr1:29846254-29847886:rheMac3;69;1459;1391;0.7|F;GCAACAGAGCAAGACTCTATCT;0.2|R;CTCCTTCAGCTCTGAGAAGCCT;8772247;1
I;>chr1:203374772-203376510:ponAbe2;110;1720;1611;0.4|R;CCTCTCCTTCAGCTCTGAGAAG;0.1|F;TTAGTGCTATGTCCATTACCAC;8772247;1
I;>JH378107:57406280-57407934:saiBol1;7;1563;1557;0.9|F;CTTCCAGATGTTCCACTGCTCC;0.10|R;ATGTTCAAGCAATTCTCCTGCC;8772247;1
I;>chr1:27323922-27324667:ChlSab;169;1448;1280;0.4|R;CCTCTCCTTCAGCTCTGAGAAG;0.3|F;GAGGTCAGGAGTTCAAGACCAG;8772247;1
I;>chr1:29185707-29187335:papAnu2;186;1458;1273;0.3|F;TGAGGTCAGGAGTTCAAGACCA;0.4|R;CCTCTCCTTCAGCTCTGAGAAG;8772247;1
I;>scaffold7535:93745-95373:papHam1;172;1440;1269;0.2|R;CTCCTTCAGCTCTGAGAAGCCT;0.3|F;GAGGTCAGGAGTTCAAGACCAG;8772247;1
I;>chr1:27313227-27314973:PanPan1;28;1626;1599;0.1|F;TTAGTGCTATGTCCATTACCAC;0.2|R;CTCCTTCAGCTCTGAGAAGCCT;8772247;1
I;>chr1:27000812-27002558:panTro4;17;1626;1610;0.1|F;TTAGTGCTATGTCCATTACCAC;0.2|R;CTCCTTCAGCTCTGAGAAGCCT;8772247;1
I;>chr1:27323922-27324667:MacFas;169;1448;1280;0.4|R;CCTCTCCTTCAGCTCTGAGAAG;0.3|F;TGAGGTCAGGAGTTCAAGACCA;8772247;1
I;>chr24:25851914-25853581:nomLeu3;181;1478;1298;0.3|F;TGAGGTCAGGAGTTCAAGACCA;0.4|R;CCTCTCCTTCAGCTCTGAGAAG;8772247;1
I;>chr1:27948221-27949949:gorGor3;17;1614;1598;0.1|F;TTAGTGCTATGTCCATTACCAC;0.2|R;CTCCTTCAGCTCTGAGAAGCCT;8772247;1
I;>chr1:27323422-27325167:hg19;17;1623;1607;0.1|F;TTAGTGCTATGTCCATTACCAC;0.2|R;CTCCTTCAGCTCTGAGAAGCCT;8772247;1
I;>chr1:29846254-29847886:rheMac3;69;1462;1394;0.7|F;GCAACAGAGCAAGACTCTATCT;0.4|R;CCTCTCCTTCAGCTCTGAGAAG;8772247;1
I;>chr1:203374772-203376510:ponAbe2;113;1443;1331;0.2|R;CTCCTTCAGCTCTGAGAAGCCT;0.12|R;AGGCTGAGACAGGAGAATTGCT;8772247;1
I;>chr1:27323922-27324667:ChlSab;169;1449;1281;0.4|R;CCTCTCCTTCAGCTCTGAGAAG;0.3|F;TGAGGTCAGGAGTTCAAGACCA;8772247;1
I;>chr1:29185707-29187335:papAnu2;186;1346;1161;0.3|F;TGAGGTCAGGAGTTCAAGACCA;0.5|R;TGGCTCCAGCCTAATCTCTAAGAG;8772247;1
I;>scaffold7535:93745-95373:papHam1;172;1441;1270;0.2|R;CTCCTTCAGCTCTGAGAAGCCT;0.3|F;TGAGGTCAGGAGTTCAAGACCA;8772247;1
I;>chr1:27313227-27314973:PanPan1;28;1629;1602;0.1|F;TTAGTGCTATGTCCATTACCAC;0.4|R;CCTCTCCTTCAGCTCTGAGAAG;8772247;1
I;>chr1:27000812-27002558:panTro4;17;1629;1613;0.1|F;TTAGTGCTATGTCCATTACCAC;0.4|R;CCTCTCCTTCAGCTCTGAGAAG;8772247;1
I;>chr1:27323922-27324667:MacFas;172;1334;1163;0.2|R;CTCCTTCAGCTCTGAGAAGCCT;0.12|R;AGGCTGAGACAGGAGAATTGCT;8772247;1
I;>chr24:25851914-25853581:nomLeu3;182;1472;1291;0.3|F;GAGGTCAGGAGTTCAAGACCAG;0.11|R;CTTCAGCTCTGAGAAGCCTAAG;8772247;1
I;>chr1:27948221-27949949:gorGor3;17;1617;1601;0.1|F;TTAGTGCTATGTCCATTACCAC;0.4|R;CCTCTCCTTCAGCTCTGAGAAG;8772247;1
I;>chr1:27323422-27325167:hg19;17;1626;1610;0.1|F;TTAGTGCTATGTCCATTACCAC;0.4|R;CCTCTCCTTCAGCTCTGAGAAG;8772247;1
I;>chr1:29846254-29847886:rheMac3;69;1350;1282;0.7|F;GCAACAGAGCAAGACTCTATCT;0.5|R;TGGCTCCAGCCTAATCTCTAAGAG;8772247;1
I;>chr1:203374772-203376510:ponAbe2;113;1720;1608;0.2|R;CTCCTTCAGCTCTGAGAAGCCT;0.1|F;TTAGTGCTATGTCCATTACCAC;8772247;1
I;>chr1:27323922-27324667:ChlSab;172;1335;1164;0.2|R;CTCCTTCAGCTCTGAGAAGCCT;0.12|R;AGGCTGAGACAGGAGAATTGCT;8772247;1
I;>chr1:29185707-29187335:papAnu2;187;1339;1153;0.3|F;GAGGTCAGGAGTTCAAGACCAG;0.8|R;AGCCTAATCTCTAAGAGGCAAC;8772247;1
I;>scaffold7535:93745-95373:papHam1;288;1440;1153;0.8|R;AGCCTAATCTCTAAGAGGCAAC;0.3|F;GAGGTCAGGAGTTCAAGACCAG;8772247;1
I;>chr1:27313227-27314973:PanPan1;28;1528;1501;0.1|F;TTAGTGCTATGTCCATTACCAC;0.5|R;TGGCTCCAGCCTAATCTCTAAGAG;8772247;1
I;>chr1:27000812-27002558:panTro4;17;1528;1512;0.1|F;TTAGTGCTATGTCCATTACCAC;0.5|R;TGGCTCCAGCCTAATCTCTAAGAG;8772247;1
I;>chr1:27323922-27324667:MacFas;172;1447;1276;0.2|R;CTCCTTCAGCTCTGAGAAGCCT;0.3|F;GAGGTCAGGAGTTCAAGACCAG;8772247;1
I;>chr24:25851914-25853581:nomLeu3;182;1475;1294;0.3|F;GAGGTCAGGAGTTCAAGACCAG;0.2|R;CTCCTTCAGCTCTGAGAAGCCT;8772247;1
I;>chr1:27948221-27949949:gorGor3;17;1516;1500;0.1|F;TTAGTGCTATGTCCATTACCAC;0.5|R;TGGCTCCAGCCTAATCTCTAAGAG;8772247;1
I;>chr1:27323422-27325167:hg19;17;1525;1509;0.1|F;TTAGTGCTATGTCCATTACCAC;0.5|R;TGGCTCCAGCCTAATCTCTAAGAG;8772247;1
I;>chr1:203374772-203376510:ponAbe2;116;1443;1328;0.11|R;CTTCAGCTCTGAGAAGCCTAAG;0.12|R;AGGCTGAGACAGGAGAATTGCT;8772247;1
I;>chr1:27323922-27324667:ChlSab;172;1448;1277;0.2|R;CTCCTTCAGCTCTGAGAAGCCT;0.3|F;GAGGTCAGGAGTTCAAGACCAG;8772247;1
I;>chr1:29185707-29187335:papAnu2;187;1455;1269;0.3|F;GAGGTCAGGAGTTCAAGACCAG;0.2|R;CTCCTTCAGCTCTGAGAAGCCT;8772247;1
I;>scaffold7535:93745-95373:papHam1;288;1441;1154;0.8|R;AGCCTAATCTCTAAGAGGCAAC;0.3|F;TGAGGTCAGGAGTTCAAGACCA;8772247;1
I;>chr1:27313227-27314973:PanPan1;200;1521;1322;0.3|F;GATGTCAGGAGTTCAAGACCAG;0.8|R;AGCCTAATCTCTAAGAGGCAAC;8772247;1
I;>chr1:27000812-27002558:panTro4;189;1521;1333;0.3|F;GATGTCAGGAGTTCAAGACCAG;0.8|R;AGCCTAATCTCTAAGAGGCAAC;8772247;1
I;>chr1:27323922-27324667:MacFas;172;1448;1277;0.2|R;CTCCTTCAGCTCTGAGAAGCCT;0.3|F;TGAGGTCAGGAGTTCAAGACCA;8772247;1
I;>chr24:25851914-25853581:nomLeu3;182;1478;1297;0.3|F;GAGGTCAGGAGTTCAAGACCAG;0.4|R;CCTCTCCTTCAGCTCTGAGAAG;8772247;1
I;>chr1:27948221-27949949:gorGor3;189;1509;1321;0.3|F;GAAGTCAGGAGTTCAAGACCAG;0.8|R;AGCCTAATCTCTAAGAGGCAAC;8772247;1
I;>chr1:27323422-27325167:hg19;189;1518;1330;0.3|F;GATGTCAGGAGTTCAAGACCAG;0.8|R;AGCCTAATCTCTAAGAGGCAAC;8772247;1
I;>chr1:203374772-203376510:ponAbe2;116;1720;1605;0.11|R;CTTCAGCTCTGAGAAGCCTAAG;0.1|F;TTAGTGCTATGTCCATTACCAC;8772247;1
I;>chr1:27323922-27324667:ChlSab;172;1449;1278;0.2|R;CTCCTTCAGCTCTGAGAAGCCT;0.3|F;TGAGGTCAGGAGTTCAAGACCA;8772247;1
I;>chr1:29185707-29187335:papAnu2;187;1458;1272;0.3|F;GAGGTCAGGAGTTCAAGACCAG;0.4|R;CCTCTCCTTCAGCTCTGAGAAG;8772247;1
I;>scaffold7535:93745-95373:papHam1;281;1440;1160;0.5|R;TGGCTCCAGCCTAATCTCTAAGAG;0.3|F;GAGGTCAGGAGTTCAAGACCAG;8772247;1
I;>chr1:27313227-27314973:PanPan1;200;1623;1424;0.3|F;GATGTCAGGAGTTCAAGACCAG;0.11|R;CTTCAGCTCTGAGAAGCCTAAG;8772247;1
I;>chr1:27000812-27002558:panTro4;189;1623;1435;0.3|F;GATGTCAGGAGTTCAAGACCAG;0.11|R;CTTCAGCTCTGAGAAGCCTAAG;8772247;1
I;>chr1:27323922-27324667:MacFas;288;1447;1160;0.8|R;AGCCTAATCTCTAAGAGGCAAC;0.3|F;GAGGTCAGGAGTTCAAGACCAG;8772247;1
I;>chr1:27948221-27949949:gorGor3;189;1611;1423;0.3|F;GAAGTCAGGAGTTCAAGACCAG;0.11|R;CTTCAGCTCTGAGAAGCCTAAG;8772247;1
I;>chr1:27323422-27325167:hg19;189;1620;1432;0.3|F;GATGTCAGGAGTTCAAGACCAG;0.11|R;CTTCAGCTCTGAGAAGCCTAAG;8772247;1
I;>chr1:203374772-203376510:ponAbe2;218;1443;1226;0.8|R;AGCCTAATCTCTAAGAGGCAAC;0.12|R;AGGCTGAGACAGGAGAATTGCT;8772247;1
I;>chr1:27323922-27324667:ChlSab;288;1448;1161;0.8|R;AGCCTAATCTCTAAGAGGCAAC;0.3|F;GAGGTCAGGAGTTCAAGACCAG;8772247;1
I;>chr1:29185707-29187335:papAnu2;187;1346;1160;0.3|F;GAGGTCAGGAGTTCAAGACCAG;0.5|R;TGGCTCCAGCCTAATCTCTAAGAG;8772247;1
I;>scaffold7535:93745-95373:papHam1;281;1441;1161;0.5|R;TGGCTCCAGCCTAATCTCTAAGAG;0.3|F;TGAGGTCAGGAGTTCAAGACCA;8772247;1
I;>chr1:27313227-27314973:PanPan1;200;1626;1427;0.3|F;GATGTCAGGAGTTCAAGACCAG;0.2|R;CTCCTTCAGCTCTGAGAAGCCT;8772247;1
I;>chr1:27000812-27002558:panTro4;189;1626;1438;0.3|F;GATGTCAGGAGTTCAAGACCAG;0.2|R;CTCCTTCAGCTCTGAGAAGCCT;8772247;1
I;>chr1:27323922-27324667:MacFas;288;1448;1161;0.8|R;AGCCTAATCTCTAAGAGGCAAC;0.3|F;TGAGGTCAGGAGTTCAAGACCA;8772247;1
I;>chr1:27948221-27949949:gorGor3;189;1614;1426;0.3|F;GAAGTCAGGAGTTCAAGACCAG;0.2|R;CTCCTTCAGCTCTGAGAAGCCT;8772247;1
I;>chr1:27323422-27325167:hg19;189;1623;1435;0.3|F;GATGTCAGGAGTTCAAGACCAG;0.2|R;CTCCTTCAGCTCTGAGAAGCCT;8772247;1
I;>chr1:203374772-203376510:ponAbe2;218;1720;1503;0.8|R;AGCCTAATCTCTAAGAGGCAAC;0.1|F;TTAGTGCTATGTCCATTACCAC;8772247;1
I;>chr1:27323922-27324667:ChlSab;288;1449;1162;0.8|R;AGCCTAATCTCTAAGAGGCAAC;0.3|F;TGAGGTCAGGAGTTCAAGACCA;8772247;1
I;>chr1:27313227-27314973:PanPan1;200;1629;1430;0.3|F;GATGTCAGGAGTTCAAGACCAG;0.4|R;CCTCTCCTTCAGCTCTGAGAAG;8772247;1
I;>chr1:27000812-27002558:panTro4;189;1629;1441;0.3|F;GATGTCAGGAGTTCAAGACCAG;0.4|R;CCTCTCCTTCAGCTCTGAGAAG;8772247;1
I;>chr1:27323922-27324667:MacFas;281;1447;1167;0.5|R;TGGCTCCAGCCTAATCTCTAAGAG;0.3|F;GAGGTCAGGAGTTCAAGACCAG;8772247;1
I;>chr1:27948221-27949949:gorGor3;189;1617;1429;0.3|F;GAAGTCAGGAGTTCAAGACCAG;0.4|R;CCTCTCCTTCAGCTCTGAGAAG;8772247;1
I;>chr1:27323422-27325167:hg19;189;1626;1438;0.3|F;GATGTCAGGAGTTCAAGACCAG;0.4|R;CCTCTCCTTCAGCTCTGAGAAG;8772247;1
I;>chr1:203374772-203376510:ponAbe2;211;1443;1233;0.5|R;TGGCTCCAGCCTAATCTCTAAGAG;0.12|R;AGGCTGAGACAGGAGAATTGCT;8772247;1
I;>chr1:27323922-27324667:ChlSab;281;1448;1168;0.5|R;TGGCTCCAGCCTAATCTCTAAGAG;0.3|F;GAGGTCAGGAGTTCAAGACCAG;8772247;1
I;>chr1:27313227-27314973:PanPan1;200;1528;1329;0.3|F;GATGTCAGGAGTTCAAGACCAG;0.5|R;TGGCTCCAGCCTAATCTCTAAGAG;8772247;1
I;>chr1:27000812-27002558:panTro4;189;1528;1340;0.3|F;GATGTCAGGAGTTCAAGACCAG;0.5|R;TGGCTCCAGCCTAATCTCTAAGAG;8772247;1
I;>chr1:27323922-27324667:MacFas;281;1448;1168;0.5|R;TGGCTCCAGCCTAATCTCTAAGAG;0.3|F;TGAGGTCAGGAGTTCAAGACCA;8772247;1
I;>chr1:27948221-27949949:gorGor3;189;1516;1328;0.3|F;GAAGTCAGGAGTTCAAGACCAG;0.5|R;TGGCTCCAGCCTAATCTCTAAGAG;8772247;1
I;>chr1:27323422-27325167:hg19;189;1525;1337;0.3|F;GATGTCAGGAGTTCAAGACCAG;0.5|R;TGGCTCCAGCCTAATCTCTAAGAG;8772247;1
I;>chr1:203374772-203376510:ponAbe2;211;1720;1510;0.5|R;TGGCTCCAGCCTAATCTCTAAGAG;0.1|F;TTAGTGCTATGTCCATTACCAC;8772247;1
I;>chr1:27323922-27324667:ChlSab;281;1449;1169;0.5|R;TGGCTCCAGCCTAATCTCTAAGAG;0.3|F;TGAGGTCAGGAGTTCAAGACCA;8772247;1
I;>chr1:29185707-29187335:papAnu2;60;834;775;0.4|F;TCCTACACCTGCCTGACC;0.3|F;TCCAGTTGAGGAGCAGGT;8752112;2
I;>scaffold7535:93745-95373:papHam1;166;919;754;0.2|R;AGGCCTCTCCTTCAGCTC;0.6|R;ACGGCCACCAGTGAATGT;8752112;2
I;>chr1:27313227-27314973:PanPan1.1;709;1632;924;0.12|F;GGACCTGTGCATTGAGGA;0.2|R;AGGCCTCTCCTTCAGCTC;8752112;2
I;>chr1:27000812-27002558:panTro4;709;1632;924;0.12|F;GGACCTGTGCATTGAGGA;0.2|R;AGGCCTCTCCTTCAGCTC;8752112;2
I;>chr1:27323922-27324667:MacFas.5;259;1026;768;0.11|F;GGAGCACCTCGGCCATGT;0.15|R;CCTGGACAGAAGGCTGAC;8752112;2
I;>chr24:25851914-25853581:nomLeu3;708;1481;774;0.12|F;GGACCTGTGCATTGAGGA;0.2|R;AGGCCTCTCCTTCAGCTC;8752112;2
I;>chr1:27948221-27949949:gorGor3;693;1620;928;0.12|F;GGACCTGTGCATTGAGGA;0.2|R;AGGCCTCTCCTTCAGCTC;8752112;2
I;>chr1:27323422-27325167:hg19;708;1629;922;0.12|F;GGACCTGTGCATTGAGGA;0.2|R;AGGCCTCTCCTTCAGCTC;8752112;2
I;>chr1:29846254-29847886:rheMac3;605;1372;768;0.15|R;CCTGGACAGAAGGCTGAC;0.11|F;GGAGCACCTCGGCCATGT;8752112;2
I;>chr7:61095408-61097063:calJac3;123;1334;1212;0.4|F;TTCCACACCTGCCTGACC;0.8|R;TAGGCAACCTTGGCCACC;8752112;2
I;>scaffold_446:327437-329114:micMur1;267;1454;1188;0.9|F;AAGCTTGGAGCACCTTGG;0.10|R;CTTCCTCCACTTCCAGATGG;8752112;2
I;>chr1:203374772-203376510:ponAbe2;107;1016;910;0.2|R;AGGCCTCTCCTTCAGCTC;0.1|F;GAGGACACTGACGGCCAC;8752112;2
I;>JH378107:57406280-57407934:saiBol1;130;1081;952;0.4|F;TTCCACACCTGCCTGACC;0.14|R;CCTACTCAGGAAGCCATCAC;8752112;2
I;>chr1:27323922-27324667:ChlSab.1;166;922;757;0.2|R;AGGCCTCTCCTTCAGCTC;0.6|R;ACGGCCACCAGTGAATGT;8752112;2
I;>chr1:29185707-29187335:papAnu2;604;1368;765;0.15|R;CCTGGACAGAAGGCTGAC;0.11|F;GGAGCACCTCGGCCATGT;8752112;2
I;>scaffold7535:93745-95373:papHam1;166;929;764;0.2|R;AGGCCTCTCCTTCAGCTC;0.1|F;GAGGACACTGACGGCCAC;8752112;2
I;>chr1:27313227-27314973:PanPan1.1;722;1632;911;0.1|F;GAGGACACTGACGGCCAC;0.2|R;AGGCCTCTCCTTCAGCTC;8752112;2
I;>chr1:27000812-27002558:panTro4;722;1632;911;0.1|F;GAGGACACTGACGGCCAC;0.2|R;AGGCCTCTCCTTCAGCTC;8752112;2
I;>chr1:27323922-27324667:MacFas.5;36;922;887;0.5|F;GGTGGTTATTATTCCAGAACCAAG;0.6|R;ACGGCCACCAGTGAATGT;8752112;2
I;>chr24:25851914-25853581:nomLeu3;721;1481;761;0.1|F;GAGGACACTGACGGCCAC;0.2|R;AGGCCTCTCCTTCAGCTC;8752112;2
I;>chr1:27948221-27949949:gorGor3;706;1620;915;0.1|F;GAGGACACTGACGGCCAC;0.2|R;AGGCCTCTCCTTCAGCTC;8752112;2
I;>chr1:27323422-27325167:hg19;721;1629;909;0.1|F;GAGGACACTGACGGCCAC;0.2|R;AGGCCTCTCCTTCAGCTC;8752112;2
I;>chr1:29846254-29847886:rheMac3;605;1465;861;0.15|R;CCTGGACAGAAGGCTGAC;0.2|R;AGGCCTCTCCTTCAGCTC;8752112;2
I;>chr7:61095408-61097063:calJac3;123;1082;960;0.4|F;TTCCACACCTGCCTGACC;0.14|R;CCTACTCAGGAAGCCATCAC;8752112;2
I;>chr1:203374772-203376510:ponAbe2;107;1029;923;0.2|R;AGGCCTCTCCTTCAGCTC;0.12|F;GGACCTGTGCATTGAGGA;8752112;2
I;>JH378107:57406280-57407934:saiBol1;167;1081;915;0.13|F;AACTCACCTGTCTGGCTC;0.14|R;CCTACTCAGGAAGCCATCAC;8752112;2
I;>chr1:27323922-27324667:ChlSab.1;166;932;767;0.2|R;AGGCCTCTCCTTCAGCTC;0.1|F;GAGGACACTGACGGCCAC;8752112;2
I;>chr1:29185707-29187335:papAnu2;604;1461;858;0.15|R;CCTGGACAGAAGGCTGAC;0.2|R;AGGCCTCTCCTTCAGCTC;8752112;2
I;>scaffold7535:93745-95373:papHam1;166;1023;858;0.2|R;AGGCCTCTCCTTCAGCTC;0.15|R;CCTGGACAGAAGGCTGAC;8752112;2
I;>chr1:27323922-27324667:MacFas.5;36;932;897;0.5|F;GGTGGTTATTATTCCAGAACCAAG;0.1|F;GAGGACACTGACGGCCAC;8752112;2
I;>chr1:29846254-29847886:rheMac3;699;1465;767;0.1|F;GAGGACACTGACGGCCAC;0.2|R;AGGCCTCTCCTTCAGCTC;8752112;2
I;>chr7:61095408-61097063:calJac3;160;1334;1175;0.13|F;AACTCACCTGTCTGGCTC;0.8|R;TAGGCAACCTTGGCCACC;8752112;2
I;>chr1:203374772-203376510:ponAbe2;189;1016;828;0.11|F;GGACCACCTCGGCCATGT;0.1|F;GAGGACACTGACGGCCAC;8752112;2
I;>chr1:27323922-27324667:ChlSab.1;166;1026;861;0.2|R;AGGCCTCTCCTTCAGCTC;0.15|R;CCTGGACAGAAGGCTGAC;8752112;2
I;>chr1:29185707-29187335:papAnu2;604;1591;988;0.15|R;CCTGGACAGAAGGCTGAC;0.5|F;GGTGGTTATTATTCCAGAACCAAG;8752112;2
I;>scaffold7535:93745-95373:papHam1;259;1023;765;0.11|F;GGAGCACCTCGGCCATGT;0.15|R;CCTGGACAGAAGGCTGAC;8752112;2
I;>chr1:27323922-27324667:MacFas.5;36;1026;991;0.5|F;GGTGGTTATTATTCCAGAACCAAG;0.15|R;CCTGGACAGAAGGCTGAC;8752112;2
I;>chr1:29846254-29847886:rheMac3;709;1465;757;0.6|R;ACGGCCACCAGTGAATGT;0.2|R;AGGCCTCTCCTTCAGCTC;8752112;2
I;>chr7:61095408-61097063:calJac3;160;1082;923;0.13|F;AACTCACCTGTCTGGCTC;0.14|R;CCTACTCAGGAAGCCATCAC;8752112;2
I;>chr1:203374772-203376510:ponAbe2;189;1029;841;0.11|F;GGACCACCTCGGCCATGT;0.12|F;GGACCTGTGCATTGAGGA;8752112;2
I;>chr1:27323922-27324667:ChlSab.1;259;1026;768;0.11|F;GGAGCACCTCGGCCATGT;0.15|R;CCTGGACAGAAGGCTGAC;8752112;2
I;>chr1:29185707-29187335:papAnu2;698;1461;764;0.1|F;GAGGACACTGACGGCCAC;0.2|R;AGGCCTCTCCTTCAGCTC;8752112;2
I;>scaffold7535:93745-95373:papHam1;793;1567;775;0.3|F;TCCAGTTGAGGAGCAGGT;0.4|F;TCCTACACCTGCCTGACC;8752112;2
I;>chr7:61095408-61097063:calJac3;52;1334;1283;0.7|F;CACAGACTTGAACCTCAGCT;0.8|R;TAGGCAACCTTGGCCACC;8752112;2
I;>chr1:27323922-27324667:ChlSab.1;36;922;887;0.5|F;GGTGGTTATTCTTCCAGAACCAAG;0.6|R;ACGGCCACCAGTGAATGT;8752112;2
I;>chr1:29185707-29187335:papAnu2;698;1591;894;0.1|F;GAGGACACTGACGGCCAC;0.5|F;GGTGGTTATTATTCCAGAACCAAG;8752112;2
I;>chr7:61095408-61097063:calJac3;52;1082;1031;0.7|F;CACAGACTTGAACCTCAGCT;0.14|R;CCTACTCAGGAAGCCATCAC;8752112;2
I;>chr1:27323922-27324667:ChlSab.1;36;932;897;0.5|F;GGTGGTTATTCTTCCAGAACCAAG;0.1|F;GAGGACACTGACGGCCAC;8752112;2
I;>chr1:29185707-29187335:papAnu2;708;1461;754;0.6|R;ACGGCCACCAGTGAATGT;0.2|R;AGGCCTCTCCTTCAGCTC;8752112;2
I;>chr1:27323922-27324667:ChlSab.1;36;1026;991;0.5|F;GGTGGTTATTCTTCCAGAACCAAG;0.15|R;CCTGGACAGAAGGCTGAC;8752112;2
I;>chr1:29185707-29187335:papAnu2;708;1591;884;0.6|R;ACGGCCACCAGTGAATGT;0.5|F;GGTGGTTATTATTCCAGAACCAAG;8752112;2
E2;>chr1:29188621-29190912:papAnu2;20;1234;1215;0.4|F;TTCCATACTATTGCCTCCTGCA;0.2|R;TCTCACATGTGCATTCTCATCC;8772247;1
E2;>chr1:27315982-27318269:PanPan1;25;1230;1206;0.4|F;TTCCATACTATTGCCTCCTGCA;0.2|R;TCTCACATGTGCATTCTCATCC;8772247;1
E2;>chr1:27003567-27005854:panTro4;151;1230;1080;0.1|F;TATTCTTTCCAGCTCCTTCCAA;0.2|R;TCTCACATGTGCATTCTCATCC;8772247;1
E2;>chr1:27327174-27327461:MacFas;939;2115;1177;0.7|F;TTACCCATTGACTGACAAACAG;0.5|F;CAACTCCTCAGAGCCTCCACTC;8772247;1
E2;>chr24:25854873-25857160:nomLeu3;94;1228;1135;0.1|F;TATTCTTTCCAGCTCCTTCCAA;0.2|R;TCTCACATGTGCATTCTCATCC;8772247;1
E2;>chr1:27950962-27953249:gorGor3;27;1230;1204;0.4|F;TTCCATACTATTGCCTCCTGCA;0.2|R;TCTCACATGTGCATTCTCATCC;8772247;1
E2;>chr1:27326174-27328461:hg19;25;1230;1206;0.4|F;TTCCATACTATTGCCTCCTGCA;0.2|R;TCTCACATGTGCATTCTCATCC;8772247;1
E2;>chr1:29849221-29851511:rheMac3;16;1233;1218;0.4|F;TTCCATACTATTGCCTCCTGCA;0.2|R;TCTCACATGTGCATTCTCATCC;8772247;1
E2;>chr7:61098409-61100688:calJac3;25;1233;1209;0.4|F;TTCCATACTATTGCCTCCTGCA;0.2|R;TCTCACATGTGCATTCTCATCC;8772247;1
E2;>chr1:203371469-203373750:ponAbe2;927;2110;1184;0.3|R;TGCTTAGACACCGACTGACAAA;0.5|F;CAACTCCTCAGAGCCTCCACTC;8772247;1
E2;>JH378107:57409271-57411553:saiBol1;172;1234;1063;0.5|F;CAACTCCTCAGAGCCTCCACTC;0.2|R;TCTCACATGTGCATTCTCATCC;8772247;1
E2;>chr1:27327174-27327461:ChlSab;939;2119;1181;0.7|F;TTACCCATTGACTGACAAACAG;0.5|F;CAACTCCTCAGAGCCTCCACTC;8772247;1
E2;>chr1:29188621-29190912:papAnu2;20;1351;1332;0.4|F;TTCCATACTATTGCCTCCTGCA;0.7|F;TTACCCATTGACTGACAAACAG;8772247;1
E2;>chr1:27315982-27318269:PanPan1;25;1359;1335;0.4|F;TTCCATACTATTGCCTCCTGCA;0.3|R;TGCTTAGACACCGACTGACAAA;8772247;1
E2;>chr1:27003567-27005854:panTro4;151;1359;1209;0.1|F;TATTCTTTCCAGCTCCTTCCAA;0.3|R;TGCTTAGACACCGACTGACAAA;8772247;1
E2;>chr1:27327174-27327461:MacFas;939;2134;1196;0.7|F;TTACCCATTGACTGACAAACAG;0.1|F;TATTCTTTCCAGCTCCTTCCAA;8772247;1
E2;>chr24:25854873-25857160:nomLeu3;113;1228;1116;0.5|F;CAACTCCTCAGAGCCTCCACTC;0.2|R;TCTCACATGTGCATTCTCATCC;8772247;1
E2;>chr1:27950962-27953249:gorGor3;35;1230;1196;0.8|F;TATTGCCTCCTGCATCTTCTCT;0.2|R;TCTCACATGTGCATTCTCATCC;8772247;1
E2;>chr1:27326174-27328461:hg19;33;1230;1198;0.8|F;TATTGCCTCCTGCATCTTCTCT;0.2|R;TCTCACATGTGCATTCTCATCC;8772247;1
E2;>chr1:29849221-29851511:rheMac3;24;1233;1210;0.8|F;TATTGCCTCCTGCATCTTCTCT;0.2|R;TCTCACATGTGCATTCTCATCC;8772247;1
E2;>chr7:61098409-61100688:calJac3;25;1357;1333;0.4|F;TTCCATACTATTGCCTCCTGCA;0.6|R;TGCTTAGACACTGACAAACAGG;8772247;1
E2;>chr1:203371469-203373750:ponAbe2;927;2129;1203;0.3|R;TGCTTAGACACCGACTGACAAA;0.1|F;TATTCTTTCCAGCTCCTTCCAA;8772247;1
E2;>JH378107:57409271-57411553:saiBol1;172;1360;1189;0.5|F;CAACTCCTCAGAGCCTCCACTC;0.6|R;TGCTTAGACACTGACAAACAGG;8772247;1
E2;>chr1:27327174-27327461:ChlSab;939;2269;1331;0.7|F;TTACCCATTGACTGACAAACAG;0.8|F;TATTGCCTCCTGCATCTTCTCT;8772247;1
E2;>chr1:29188621-29190912:papAnu2;28;1234;1207;0.8|F;TATTGCCTCCTGCATCTTCTCT;0.2|R;TCTCACATGTGCATTCTCATCC;8772247;1
E2;>chr1:27315982-27318269:PanPan1;33;1230;1198;0.8|F;TATTGCCTCCTGCATCTTCTCT;0.2|R;TCTCACATGTGCATTCTCATCC;8772247;1
E2;>chr1:27003567-27005854:panTro4;170;1230;1061;0.5|F;CAACTCCTCAGAACCTCCACTC;0.2|R;TCTCACATGTGCATTCTCATCC;8772247;1
E2;>chr1:27327174-27327461:MacFas;939;2265;1327;0.7|F;TTACCCATTGACTGACAAACAG;0.8|F;TATTGCCTCCTGCATCTTCTCT;8772247;1
E2;>chr1:27950962-27953249:gorGor3;153;1230;1078;0.1|F;TATTCTTTCCAGCTCCTTCCAA;0.2|R;TCTCACATGTGCATTCTCATCC;8772247;1
E2;>chr1:27326174-27328461:hg19;151;1230;1080;0.1|F;TATTCTTTCCAGCTCCTTCCAA;0.2|R;TCTCACATGTGCATTCTCATCC;8772247;1
E2;>chr1:29849221-29851511:rheMac3;155;1233;1079;0.1|F;TATTCTTTCCAGCTCCTTCCAA;0.2|R;TCTCACATGTGCATTCTCATCC;8772247;1
E2;>chr7:61098409-61100688:calJac3;33;1233;1201;0.8|F;TATTGCCTCCTGCATCTTCTCT;0.2|R;TCTCACATGTGCATTCTCATCC;8772247;1
E2;>chr1:203371469-203373750:ponAbe2;927;2255;1329;0.3|R;TGCTTAGACACCGACTGACAAA;0.4|F;TTCCATACTATTGCCTCCTGCA;8772247;1
E2;>chr1:27327174-27327461:ChlSab;939;2277;1339;0.7|F;TTACCCATTGACTGACAAACAG;0.4|F;TTCCATACTATTGCCTCCTGCA;8772247;1
E2;>chr1:29188621-29190912:papAnu2;28;1351;1324;0.8|F;TATTGCCTCCTGCATCTTCTCT;0.7|F;TTACCCATTGACTGACAAACAG;8772247;1
E2;>chr1:27315982-27318269:PanPan1;33;1359;1327;0.8|F;TATTGCCTCCTGCATCTTCTCT;0.3|R;TGCTTAGACACCGACTGACAAA;8772247;1
E2;>chr1:27003567-27005854:panTro4;170;1359;1190;0.5|F;CAACTCCTCAGAACCTCCACTC;0.3|R;TGCTTAGACACCGACTGACAAA;8772247;1
E2;>chr1:27327174-27327461:MacFas;939;2273;1335;0.7|F;TTACCCATTGACTGACAAACAG;0.4|F;TTCCATACTATTGCCTCCTGCA;8772247;1
E2;>chr1:27326174-27328461:hg19;170;1230;1061;0.5|F;CAACTCCTCAGAACCTCCACTC;0.2|R;TCTCACATGTGCATTCTCATCC;8772247;1
E2;>chr1:29849221-29851511:rheMac3;174;1233;1060;0.5|F;CAACTCCTCAGAGCCTCCACTC;0.2|R;TCTCACATGTGCATTCTCATCC;8772247;1
E2;>chr7:61098409-61100688:calJac3;33;1357;1325;0.8|F;TATTGCCTCCTGCATCTTCTCT;0.6|R;TGCTTAGACACTGACAAACAGG;8772247;1
E2;>chr1:27327174-27327461:ChlSab;1056;2119;1064;0.2|R;TCTCACATGTGCATTCTCATCC;0.5|F;CAACTCCTCAGAGCCTCCACTC;8772247;1
E2;>chr1:29188621-29190912:papAnu2;159;1234;1076;0.1|F;TATTCTTTCCAGCTCCTTCCAA;0.2|R;TCTCACATGTGCATTCTCATCC;8772247;1
E2;>chr1:27315982-27318269:PanPan1;151;1230;1080;0.1|F;TATTCTTTCCAGCTCCTTCCAA;0.2|R;TCTCACATGTGCATTCTCATCC;8772247;1
E2;>chr1:27327174-27327461:MacFas;1056;2115;1060;0.2|R;TCTCACATGTGCATTCTCATCC;0.5|F;CAACTCCTCAGAGCCTCCACTC;8772247;1
E2;>chr7:61098409-61100688:calJac3;153;1233;1081;0.1|F;TATTCTTTCCAGCTCCTTCCAA;0.2|R;TCTCACATGTGCATTCTCATCC;8772247;1
E2;>chr1:27327174-27327461:ChlSab;1056;2269;1214;0.2|R;TCTCACATGTGCATTCTCATCC;0.8|F;TATTGCCTCCTGCATCTTCTCT;8772247;1
E2;>chr1:29188621-29190912:papAnu2;159;1351;1193;0.1|F;TATTCTTTCCAGCTCCTTCCAA;0.7|F;TTACCCATTGACTGACAAACAG;8772247;1
E2;>chr1:27315982-27318269:PanPan1;151;1359;1209;0.1|F;TATTCTTTCCAGCTCCTTCCAA;0.3|R;TGCTTAGACACCGACTGACAAA;8772247;1
E2;>chr1:27327174-27327461:MacFas;1056;2134;1079;0.2|R;TCTCACATGTGCATTCTCATCC;0.1|F;TATTCTTTCCAGCTCCTTCCAA;8772247;1
E2;>chr7:61098409-61100688:calJac3;153;1357;1205;0.1|F;TATTCTTTCCAGCTCCTTCCAA;0.6|R;TGCTTAGACACTGACAAACAGG;8772247;1
E2;>chr1:27327174-27327461:ChlSab;1056;2277;1222;0.2|R;TCTCACATGTGCATTCTCATCC;0.4|F;TTCCATACTATTGCCTCCTGCA;8772247;1
E2;>chr1:29188621-29190912:papAnu2;178;1234;1057;0.5|F;CAACTCCTCAGAGCCTCCACTC;0.2|R;TCTCACATGTGCATTCTCATCC;8772247;1
E2;>chr1:27315982-27318269:PanPan1;170;1230;1061;0.5|F;CAACTCCTCAGAACCTCCACTC;0.2|R;TCTCACATGTGCATTCTCATCC;8772247;1
E2;>chr1:27327174-27327461:MacFas;1056;2265;1210;0.2|R;TCTCACATGTGCATTCTCATCC;0.8|F;TATTGCCTCCTGCATCTTCTCT;8772247;1
E2;>chr7:61098409-61100688:calJac3;172;1233;1062;0.5|F;CAACTCCTCAGAGCCTCCACTC;0.2|R;TCTCACATGTGCATTCTCATCC;8772247;1
E2;>chr1:29188621-29190912:papAnu2;178;1351;1174;0.5|F;CAACTCCTCAGAGCCTCCACTC;0.7|F;TTACCCATTGACTGACAAACAG;8772247;1
E2;>chr1:27315982-27318269:PanPan1;170;1359;1190;0.5|F;CAACTCCTCAGAACCTCCACTC;0.3|R;TGCTTAGACACCGACTGACAAA;8772247;1
E2;>chr1:27327174-27327461:MacFas;1056;2273;1218;0.2|R;TCTCACATGTGCATTCTCATCC;0.4|F;TTCCATACTATTGCCTCCTGCA;8772247;1
E2;>chr7:61098409-61100688:calJac3;172;1357;1186;0.5|F;CAACTCCTCAGAGCCTCCACTC;0.6|R;TGCTTAGACACTGACAAACAGG;8772247;1
E2;>chr1:29189121-29190412:papAnu2;90;737;648;0.10|R;TGTCATTGCTTCAAGTTTAATGGC;0.2|R;CAGTCTCACATGTGCATT;8752112;2
E2;>scaffold7535:90664-91955:papHam1;463;1200;738;0.16|R;CCATATGGTCACCAGCAC;0.10|R;TGTCATTGCTTCAAGTTTAATGGC;8752112;2
E2;>chr1:27316482-27317769:PanPan1.1;84;733;650;0.1|F;TAGATGTCATTGCTTCAAGTCTAA;0.2|R;CAGTCTCACATGTGCATT;8752112;2
E2;>chr1:27004067-27005354:panTro4;84;733;650;0.1|F;TAGATGTCATTGCTTCAAGTCTAA;0.2|R;CAGTCTCACATGTGCATT;8752112;2
E2;>chr1:27327174-27327461:MacFas.5;458;1199;742;0.7|R;CAGGTCCATATGGTCGCC;0.10|R;TGTCATTGCTTCAAGTCTAATGGC;8752112;2
E2;>chr24:25855373-25856660:nomLeu3;22;731;710;0.1|F;TAGATGTCATTGCTTCAAGTCTAA;0.2|R;CAGTCTCACATGTGCATT;8752112;2
E2;>chr1:27951462-27952749:gorGor3;85;733;649;0.1|F;TAGATGTCATTGCTTCAAGTCTAA;0.2|R;CAGTCTCACATGTGCATT;8752112;2
E2;>chr1:27326674-27327961:hg19;84;733;650;0.1|F;TAGATGTCATTGCTTCAAGTCTAA;0.2|R;CAGTCTCACATGTGCATT;8752112;2
E2;>chr1:29849721-29851011:rheMac3;86;736;651;0.1|F;TAGATGTCATTGCTTCAAGTCTAA;0.2|R;CAGTCTCACATGTGCATT;8752112;2
E2;>chr7:61098909-61100188:calJac3;262;779;518;0.11|F;TCAGGAAGAGGTAGTGGCAA;0.12|R;ACTGCCATGTTGTCACCA;8752112;2
E2;>scaffold_446:324794-326042:micMur1;497;1022;526;0.5|F;ACCGTGCTGCCATGTCAC;0.4|R;AGACAATCACCTGTCTCCTG;8752112;2
E2;>chr1:203371969-203373250:ponAbe2;450;1196;747;0.7|R;CAGGTCCATATGGCCGCC;0.1|F;TAGATGTCATTGCTTCAAGTCTAA;8752112;2
E2;>JH378107:57409771-57411053:saiBol1;268;782;515;0.13|F;AGAGGTGGTGGCACTGTA;0.12|R;ACTGCCATGTTGTCACCA;8752112;2
E2;>chr1:27327174-27327461:ChlSab.1;458;1200;743;0.7|R;CAGGTCCATATGGTCGCC;0.10|R;TGTCATTGCTTCAAGTCTAATGGC;8752112;2
E2;>chr1:29189121-29190412:papAnu2;90;782;693;0.10|R;TGTCATTGCTTCAAGTTTAATGGC;0.12|R;GCTGCCATGTTGTCACCA;8752112;2
E2;>scaffold7535:90664-91955:papHam1;463;1021;559;0.16|R;CCATATGGTCACCAGCAC;0.8|R;GAAGAGGTGGTGGCGATGTA;8752112;2
E2;>chr1:27316482-27317769:PanPan1.1;84;778;695;0.1|F;TAGATGTCATTGCTTCAAGTCTAA;0.12|R;GCTGCCATGTTGTCACCA;8752112;2
E2;>chr1:27004067-27005354:panTro4;84;778;695;0.1|F;TAGATGTCATTGCTTCAAGTCTAA;0.12|R;GCTGCCATGTTGTCACCA;8752112;2
E2;>chr1:27327174-27327461:MacFas.5;458;1203;746;0.7|R;CAGGTCCATATGGTCGCC;0.1|F;TAGATGTCATTGCTTCAAGTCTAA;8752112;2
E2;>chr24:25855373-25856660:nomLeu3;22;778;757;0.1|F;TAGATGTCATTGCTTCAAGTCTAA;0.12|R;GCTGCCATGTTGTCACCA;8752112;2
E2;>chr1:27951462-27952749:gorGor3;85;823;739;0.1|F;TAGATGTCATTGCTTCAAGTCTAA;0.16|R;CCATATGGTCGCCAGCAC;8752112;2
E2;>chr1:27326674-27327961:hg19;84;778;695;0.1|F;TAGATGTCATTGCTTCAAGTCTAA;0.12|R;GCTGCCATGTTGTCACCA;8752112;2
E2;>chr1:29849721-29851011:rheMac3;86;781;696;0.1|F;TAGATGTCATTGCTTCAAGTCTAA;0.12|R;GCTGCCATGTTGTCACCA;8752112;2
E2;>chr7:61098909-61100188:calJac3;262;786;525;0.11|F;TCAGGAAGAGGTAGTGGCAA;0.9|F;CCATCGTACTGCCATGTTGT;8752112;2
E2;>scaffold_446:324794-326042:micMur1;499;1022;524;0.3|F;CGTGCTGCCATGTCACCA;0.4|R;AGACAATCACCTGTCTCCTG;8752112;2
E2;>chr1:203371969-203373250:ponAbe2;450;1188;739;0.7|R;CAGGTCCATATGGCCGCC;0.6|F;ATTGCTTCAAGTCTAACGGCGC;8752112;2
E2;>JH378107:57409771-57411053:saiBol1;268;789;522;0.13|F;AGAGGTGGTGGCACTGTA;0.9|F;CCATCGTACTGCCATGTTGT;8752112;2
E2;>chr1:27327174-27327461:ChlSab.1;458;1204;747;0.7|R;CAGGTCCATATGGTCGCC;0.1|F;TAGATGTCATTGCTTCAAGTCTAA;8752112;2
E2;>chr1:29189121-29190412:papAnu2;90;788;699;0.10|R;TGTCATTGCTTCAAGTTTAATGGC;0.9|F;CATCGTGCTGCCATGTTG;8752112;2
E2;>scaffold7535:90664-91955:papHam1;502;1200;699;0.9|F;CATCGTGCTGCCATGTTG;0.10|R;TGTCATTGCTTCAAGTTTAATGGC;8752112;2
E2;>chr1:27316482-27317769:PanPan1.1;84;831;748;0.1|F;TAGATGTCATTGCTTCAAGTCTAA;0.16|R;CCATATGGTCGCCAGCAC;8752112;2
E2;>chr1:27004067-27005354:panTro4;84;831;748;0.1|F;TAGATGTCATTGCTTCAAGTCTAA;0.16|R;CCATATGGTCGCCAGCAC;8752112;2
E2;>chr1:27327174-27327461:MacFas.5;458;1019;562;0.7|R;CAGGTCCATATGGTCGCC;0.8|R;AAGAGGTGGTGGCAATGTAA;8752112;2
E2;>chr1:27951462-27952749:gorGor3;85;828;744;0.1|F;TAGATGTCATTGCTTCAAGTCTAA;0.7|R;CAGGTCCATATGGTCGCC;8752112;2
E2;>chr1:27326674-27327961:hg19;84;832;749;0.1|F;TAGATGTCATTGCTTCAAGTCTAA;0.16|R;CCATATGGTCGCCAGCAC;8752112;2
E2;>chr1:29849721-29851011:rheMac3;86;787;702;0.1|F;TAGATGTCATTGCTTCAAGTCTAA;0.9|F;CATCGTGCTGCCATGTTG;8752112;2
E2;>chr7:61098909-61100188:calJac3;266;779;514;0.8|R;GAAGAGGTAGTGGCAATGTA;0.12|R;ACTGCCATGTTGTCACCA;8752112;2
E2;>chr1:203371969-203373250:ponAbe2;503;1196;694;0.5|F;ATTGTGCTGCCATGTCAC;0.1|F;TAGATGTCATTGCTTCAAGTCTAA;8752112;2
E2;>chr1:27327174-27327461:ChlSab.1;458;1020;563;0.7|R;CAGGTCCATATGGTCGCC;0.8|R;AAGAGGTGGTGGCAATGTAA;8752112;2
E2;>chr1:29189121-29190412:papAnu2;90;827;738;0.10|R;TGTCATTGCTTCAAGTTTAATGGC;0.16|R;CCATATGGTCACCAGCAC;8752112;2
E2;>scaffold7535:90664-91955:papHam1;502;1021;520;0.9|F;CATCGTGCTGCCATGTTG;0.8|R;GAAGAGGTGGTGGCGATGTA;8752112;2
E2;>chr1:27316482-27317769:PanPan1.1;84;836;753;0.1|F;TAGATGTCATTGCTTCAAGTCTAA;0.7|R;CAGGTCCATATGGTCGCC;8752112;2
E2;>chr1:27004067-27005354:panTro4;84;836;753;0.1|F;TAGATGTCATTGCTTCAAGTCTAA;0.7|R;CAGGTCCATATGGTCGCC;8752112;2
E2;>chr1:27327174-27327461:MacFas.5;463;1199;737;0.16|R;CCATATGGTCGCCAGCAC;0.10|R;TGTCATTGCTTCAAGTCTAATGGC;8752112;2
E2;>chr1:27951462-27952749:gorGor3;93;733;641;0.6|F;ATTGCTTCAAGTCTAACGGCGC;0.2|R;CAGTCTCACATGTGCATT;8752112;2
E2;>chr1:27326674-27327961:hg19;84;837;754;0.1|F;TAGATGTCATTGCTTCAAGTCTAA;0.7|R;CAGGTCCATATGGTCGCC;8752112;2
E2;>chr1:29849721-29851011:rheMac3;86;826;741;0.1|F;TAGATGTCATTGCTTCAAGTCTAA;0.16|R;CCATATGGTCGCCAGCAC;8752112;2
E2;>chr7:61098909-61100188:calJac3;266;786;521;0.8|R;GAAGAGGTAGTGGCAATGTA;0.9|F;CCATCGTACTGCCATGTTGT;8752112;2
E2;>chr1:203371969-203373250:ponAbe2;503;1188;686;0.5|F;ATTGTGCTGCCATGTCAC;0.6|F;ATTGCTTCAAGTCTAACGGCGC;8752112;2
E2;>chr1:27327174-27327461:ChlSab.1;463;1200;738;0.16|R;CCATATGGTCGCCAGCAC;0.10|R;TGTCATTGCTTCAAGTCTAATGGC;8752112;2
E2;>chr1:29189121-29190412:papAnu2;269;782;514;0.8|R;GAAGAGGTGGTGGCGATGTA;0.12|R;GCTGCCATGTTGTCACCA;8752112;2
E2;>scaffold7535:90664-91955:papHam1;508;1200;693;0.12|R;GCTGCCATGTTGTCACCA;0.10|R;TGTCATTGCTTCAAGTTTAATGGC;8752112;2
E2;>chr1:27316482-27317769:PanPan1.1;84;785;702;0.1|F;TAGATGTCATTGCTTCAAGTCTAA;0.9|F;CCATGGTGCTGCCATGTTGT;8752112;2
E2;>chr1:27004067-27005354:panTro4;84;785;702;0.1|F;TAGATGTCATTGCTTCAAGTCTAA;0.9|F;CCATGGTGCTGCCATGTTGT;8752112;2
E2;>chr1:27327174-27327461:MacFas.5;463;1203;741;0.16|R;CCATATGGTCGCCAGCAC;0.1|F;TAGATGTCATTGCTTCAAGTCTAA;8752112;2
E2;>chr1:27951462-27952749:gorGor3;93;823;731;0.6|F;ATTGCTTCAAGTCTAACGGCGC;0.16|R;CCATATGGTCGCCAGCAC;8752112;2
E2;>chr1:27326674-27327961:hg19;84;785;702;0.1|F;TAGATGTCATTGCTTCAAGTCTAA;0.9|F;CCATGGTGCTGCCATGTTGT;8752112;2
E2;>chr1:29849721-29851011:rheMac3;86;831;746;0.1|F;TAGATGTCATTGCTTCAAGTCTAA;0.7|R;CAGGTCCATATGGTCGCC;8752112;2
E2;>chr1:203371969-203373250:ponAbe2;505;1196;692;0.3|F;TGTGCTGCCATGTCACCA;0.1|F;TAGATGTCATTGCTTCAAGTCTAA;8752112;2
E2;>chr1:27327174-27327461:ChlSab.1;463;1204;742;0.16|R;CCATATGGTCGCCAGCAC;0.1|F;TAGATGTCATTGCTTCAAGTCTAA;8752112;2
E2;>chr1:29189121-29190412:papAnu2;269;788;520;0.8|R;GAAGAGGTGGTGGCGATGTA;0.9|F;CATCGTGCTGCCATGTTG;8752112;2
E2;>scaffold7535:90664-91955:papHam1;508;1021;514;0.12|R;GCTGCCATGTTGTCACCA;0.8|R;GAAGAGGTGGTGGCGATGTA;8752112;2
E2;>chr1:27316482-27317769:PanPan1.1;92;733;642;0.6|F;ATTGCTTCAAGTCTAACGGCGC;0.2|R;CAGTCTCACATGTGCATT;8752112;2
E2;>chr1:27004067-27005354:panTro4;92;733;642;0.6|F;ATTGCTTCAAGTCTAACGGCGC;0.2|R;CAGTCTCACATGTGCATT;8752112;2
E2;>chr1:27327174-27327461:MacFas.5;463;1019;557;0.16|R;CCATATGGTCGCCAGCAC;0.8|R;AAGAGGTGGTGGCAATGTAA;8752112;2
E2;>chr1:27951462-27952749:gorGor3;93;828;736;0.6|F;ATTGCTTCAAGTCTAACGGCGC;0.7|R;CAGGTCCATATGGTCGCC;8752112;2
E2;>chr1:27326674-27327961:hg19;92;733;642;0.6|F;ATTGCTTCAAGTCTAACGGCGC;0.2|R;CAGTCTCACATGTGCATT;8752112;2
E2;>chr1:29849721-29851011:rheMac3;90;736;647;0.10|R;TGTCATTGCTTCAAGTCTAATGGC;0.2|R;CAGTCTCACATGTGCATT;8752112;2
E2;>chr1:203371969-203373250:ponAbe2;505;1188;684;0.3|F;TGTGCTGCCATGTCACCA;0.6|F;ATTGCTTCAAGTCTAACGGCGC;8752112;2
E2;>chr1:27327174-27327461:ChlSab.1;463;1020;558;0.16|R;CCATATGGTCGCCAGCAC;0.8|R;AAGAGGTGGTGGCAATGTAA;8752112;2
E2;>chr1:29189121-29190412:papAnu2;269;827;559;0.8|R;GAAGAGGTGGTGGCGATGTA;0.16|R;CCATATGGTCACCAGCAC;8752112;2
E2;>scaffold7535:90664-91955:papHam1;553;1200;648;0.2|R;CAGTCTCACATGTGCATT;0.10|R;TGTCATTGCTTCAAGTTTAATGGC;8752112;2
E2;>chr1:27316482-27317769:PanPan1.1;92;778;687;0.6|F;ATTGCTTCAAGTCTAACGGCGC;0.12|R;GCTGCCATGTTGTCACCA;8752112;2
E2;>chr1:27004067-27005354:panTro4;92;778;687;0.6|F;ATTGCTTCAAGTCTAACGGCGC;0.12|R;GCTGCCATGTTGTCACCA;8752112;2
E2;>chr1:27327174-27327461:MacFas.5;502;1199;698;0.9|F;CATCGTGCTGCCATGTTG;0.10|R;TGTCATTGCTTCAAGTCTAATGGC;8752112;2
E2;>chr1:27326674-27327961:hg19;92;778;687;0.6|F;ATTGCTTCAAGTCTAACGGCGC;0.12|R;GCTGCCATGTTGTCACCA;8752112;2
E2;>chr1:29849721-29851011:rheMac3;90;781;692;0.10|R;TGTCATTGCTTCAAGTCTAATGGC;0.12|R;GCTGCCATGTTGTCACCA;8752112;2
E2;>chr1:27327174-27327461:ChlSab.1;502;1200;699;0.9|F;CATCGTGCTGCCATGTTG;0.10|R;TGTCATTGCTTCAAGTCTAATGGC;8752112;2
E2;>chr1:27316482-27317769:PanPan1.1;92;831;740;0.6|F;ATTGCTTCAAGTCTAACGGCGC;0.16|R;CCATATGGTCGCCAGCAC;8752112;2
E2;>chr1:27004067-27005354:panTro4;92;831;740;0.6|F;ATTGCTTCAAGTCTAACGGCGC;0.16|R;CCATATGGTCGCCAGCAC;8752112;2
E2;>chr1:27327174-27327461:MacFas.5;502;1203;702;0.9|F;CATCGTGCTGCCATGTTG;0.1|F;TAGATGTCATTGCTTCAAGTCTAA;8752112;2
E2;>chr1:27326674-27327961:hg19;92;832;741;0.6|F;ATTGCTTCAAGTCTAACGGCGC;0.16|R;CCATATGGTCGCCAGCAC;8752112;2
E2;>chr1:29849721-29851011:rheMac3;90;787;698;0.10|R;TGTCATTGCTTCAAGTCTAATGGC;0.9|F;CATCGTGCTGCCATGTTG;8752112;2
E2;>chr1:27327174-27327461:ChlSab.1;502;1204;703;0.9|F;CATCGTGCTGCCATGTTG;0.1|F;TAGATGTCATTGCTTCAAGTCTAA;8752112;2
E2;>chr1:27316482-27317769:PanPan1.1;92;836;745;0.6|F;ATTGCTTCAAGTCTAACGGCGC;0.7|R;CAGGTCCATATGGTCGCC;8752112;2
E2;>chr1:27004067-27005354:panTro4;92;836;745;0.6|F;ATTGCTTCAAGTCTAACGGCGC;0.7|R;CAGGTCCATATGGTCGCC;8752112;2
E2;>chr1:27327174-27327461:MacFas.5;502;1019;518;0.9|F;CATCGTGCTGCCATGTTG;0.8|R;AAGAGGTGGTGGCAATGTAA;8752112;2
E2;>chr1:27326674-27327961:hg19;92;837;746;0.6|F;ATTGCTTCAAGTCTAACGGCGC;0.7|R;CAGGTCCATATGGTCGCC;8752112;2
E2;>chr1:29849721-29851011:rheMac3;90;826;737;0.10|R;TGTCATTGCTTCAAGTCTAATGGC;0.16|R;CCATATGGTCGCCAGCAC;8752112;2
E2;>chr1:27327174-27327461:ChlSab.1;502;1020;519;0.9|F;CATCGTGCTGCCATGTTG;0.8|R;AAGAGGTGGTGGCAATGTAA;8752112;2
E2;>chr1:27316482-27317769:PanPan1.1;92;785;694;0.6|F;ATTGCTTCAAGTCTAACGGCGC;0.9|F;CCATGGTGCTGCCATGTTGT;8752112;2
E2;>chr1:27004067-27005354:panTro4;92;785;694;0.6|F;ATTGCTTCAAGTCTAACGGCGC;0.9|F;CCATGGTGCTGCCATGTTGT;8752112;2
E2;>chr1:27327174-27327461:MacFas.5;508;1199;692;0.12|R;GCTGCCATGTTGTCACCA;0.10|R;TGTCATTGCTTCAAGTCTAATGGC;8752112;2
E2;>chr1:27326674-27327961:hg19;92;785;694;0.6|F;ATTGCTTCAAGTCTAACGGCGC;0.9|F;CCATGGTGCTGCCATGTTGT;8752112;2
E2;>chr1:29849721-29851011:rheMac3;90;831;742;0.10|R;TGTCATTGCTTCAAGTCTAATGGC;0.7|R;CAGGTCCATATGGTCGCC;8752112;2
E2;>chr1:27327174-27327461:ChlSab.1;508;1200;693;0.12|R;GCTGCCATGTTGTCACCA;0.10|R;TGTCATTGCTTCAAGTCTAATGGC;8752112;2
E2;>chr1:27327174-27327461:MacFas.5;508;1203;696;0.12|R;GCTGCCATGTTGTCACCA;0.1|F;TAGATGTCATTGCTTCAAGTCTAA;8752112;2
E2;>chr1:29849721-29851011:rheMac3;270;781;512;0.8|R;AAGAGGTGGTGGCAATGTAA;0.12|R;GCTGCCATGTTGTCACCA;8752112;2
E2;>chr1:27327174-27327461:ChlSab.1;508;1204;697;0.12|R;GCTGCCATGTTGTCACCA;0.1|F;TAGATGTCATTGCTTCAAGTCTAA;8752112;2
E2;>chr1:27327174-27327461:MacFas.5;508;1019;512;0.12|R;GCTGCCATGTTGTCACCA;0.8|R;AAGAGGTGGTGGCAATGTAA;8752112;2
E2;>chr1:29849721-29851011:rheMac3;270;787;518;0.8|R;AAGAGGTGGTGGCAATGTAA;0.9|F;CATCGTGCTGCCATGTTG;8752112;2
E2;>chr1:27327174-27327461:ChlSab.1;508;1020;513;0.12|R;GCTGCCATGTTGTCACCA;0.8|R;AAGAGGTGGTGGCAATGTAA;8752112;2
E2;>chr1:27327174-27327461:MacFas.5;553;1199;647;0.2|R;CAGTCTCACATGTGCATT;0.10|R;TGTCATTGCTTCAAGTCTAATGGC;8752112;2
E2;>chr1:29849721-29851011:rheMac3;270;826;557;0.8|R;AAGAGGTGGTGGCAATGTAA;0.16|R;CCATATGGTCGCCAGCAC;8752112;2
E2;>chr1:27327174-27327461:ChlSab.1;553;1200;648;0.2|R;CAGTCTCACATGTGCATT;0.10|R;TGTCATTGCTTCAAGTCTAATGGC;8752112;2
E2;>chr1:27327174-27327461:MacFas.5;553;1203;651;0.2|R;CAGTCTCACATGTGCATT;0.1|F;TAGATGTCATTGCTTCAAGTCTAA;8752112;2
E2;>chr1:29849721-29851011:rheMac3;270;831;562;0.8|R;AAGAGGTGGTGGCAATGTAA;0.7|R;CAGGTCCATATGGTCGCC;8752112;2
E2;>chr1:27327174-27327461:ChlSab.1;553;1204;652;0.2|R;CAGTCTCACATGTGCATT;0.1|F;TAGATGTCATTGCTTCAAGTCTAA;8752112;2
D;>chr1:29189634-29192257:papAnu2;7;1734;1728;0.3|F;CTCTGTGTCTATTATGGCTCTT;0.6|R;ACTAATTATGGCTTGTGATGAC;8772247;1
D;>chr1:27316993-27319623:PanPan1;9;1739;1731;0.3|F;CTCTGTGTCTATTATGGCTCTT;0.4|R;TAATTATGGCTTGTGATGACTG;8772247;1
D;>chr1:27004540-27007172:panTro4;47;1741;1695;0.3|F;CTCTGTGTCTATTATGGCTCTT;0.4|R;TAATTATGGCTTGTGATGACTG;8772247;1
D;>chr1:27328171-27328804:MacFas;387;2289;1903;0.13|F;GCTGTTAACTTCTGTTCCATCC;0.1|F;CTGGCGACCATATGGACCTGTT;8772247;1
D;>chr24:25855866-25858496:nomLeu3;46;1737;1692;0.11|F;TTAAGTTGACAGTTCCTGGAGC;0.4|R;TAATTATGGCTTGTGATGACTG;8772247;1
D;>chr1:27951952-27954584:gorGor3;30;1741;1712;0.3|F;CTCTGTGTCTATTATGGCTCTT;0.4|R;TAATTATGGCTTGTGATGACTG;8772247;1
D;>chr1:27327171-27329804:hg19;23;1742;1720;0.3|F;CTCTGTGTCTATTATGGCTCTT;0.4|R;TAATTATGGCTTGTGATGACTG;8772247;1
D;>chr1:29850249-29852823:rheMac3;13;1685;1673;0.11|F;TTAAGTTGACAGTTCCTGGAGC;0.6|R;ACTAATTATGGCTTGTGATGAC;8772247;1
D;>chr7:61099754-61102322:calJac3;2;1687;1686;0.5|F;GTGTCTAAGCAAGAGATTCCAT;0.4|R;TAGTTATGGCTTGTGATGACTG;8772247;1
D;>chr1:203369833-203372466:ponAbe2;444;2573;2130;0.9|R;ATTGTGACAGTTGTCTCCTGTA;0.10|F;GTGTCTAAGCAGGAGATGGCAC;8772247;1
D;>JH378107:57410296-57412908:saiBol1;16;1721;1706;0.11|F;TTAAGTTGACAGTTCCTGGAGC;0.4|R;TAGTTATGGCTTGTGATGACTG;8772247;1
D;>chr1:27328171-27328804:ChlSab;395;2323;1929;0.13|F;GCTGTTAACTTCTGTTCCATCC;0.1|F;CTGGCGACCATATGGACCTGTT;8772247;1
D;>chr1:29189634-29192257:papAnu2;7;2198;2192;0.3|F;CTCTGTGTCTATTATGGCTCTT;0.9|R;ATTGTGACAGTTGTCTCCTGTA;8772247;1
D;>chr1:27316993-27319623:PanPan1;9;2114;2106;0.3|F;CTCTGTGTCTATTATGGCTCTT;0.2|R;TTATATGTGACTATGGCACAGT;8772247;1
D;>chr1:27004540-27007172:panTro4;47;2118;2072;0.3|F;CTCTGTGTCTATTATGGCTCTT;0.2|R;TTATATGTGACTATGGCACAGT;8772247;1
D;>chr1:27328171-27328804:MacFas;387;2435;2049;0.13|F;GCTGTTAACTTCTGTTCCATCC;0.7|F;TCTTCAGGAAGTCTTCCTCATT;8772247;1
D;>chr24:25855866-25858496:nomLeu3;46;1739;1694;0.11|F;TTAAGTTGACAGTTCCTGGAGC;0.6|R;ACTAATTATGGCTTGTGATGAC;8772247;1
D;>chr1:27327171-27329804:hg19;23;2118;2096;0.3|F;CTCTGTGTCTATTATGGCTCTT;0.2|R;TTATATGTGACTATGGCACAGT;8772247;1
D;>chr1:29850249-29852823:rheMac3;13;2070;2058;0.11|F;TTAAGTTGACAGTTCCTGGAGC;0.2|R;TTATATGTGACTATGGCACAGT;8772247;1
D;>chr7:61099754-61102322:calJac3;2;1689;1688;0.5|F;GTGTCTAAGCAAGAGATTCCAT;0.6|R;ACTAGTTATGGCTTGTGATGAC;8772247;1
D;>chr1:203369833-203372466:ponAbe2;512;2573;2062;0.2|R;TTATATGTGACTATGGCACAGT;0.10|F;GTGTCTAAGCAGGAGATGGCAC;8772247;1
D;>JH378107:57410296-57412908:saiBol1;16;1723;1708;0.11|F;TTAAGTTGACAGTTCCTGGAGC;0.6|R;ACTAGTTATGGCTTGTGATGAC;8772247;1
D;>chr1:27328171-27328804:ChlSab;395;2469;2075;0.13|F;GCTGTTAACTTCTGTTCCATCC;0.7|F;TCCTCAGGAAGTCTTCCTCATT;8772247;1
D;>chr1:29189634-29192257:papAnu2;7;2245;2239;0.3|F;CTCTGTGTCTATTATGGCTCTT;0.13|F;GCTGTTAACTTCTGTTCCATCC;8772247;1
D;>chr1:27316993-27319623:PanPan1;9;2182;2174;0.3|F;CTCTGTGTCTATTATGGCTCTT;0.9|R;ATTGTGACAGTTGTCTCCTGTA;8772247;1
D;>chr1:27004540-27007172:panTro4;47;2186;2140;0.3|F;CTCTGTGTCTATTATGGCTCTT;0.9|R;ATTGTGACAGTTGTCTCCTGTA;8772247;1
D;>chr1:27328171-27328804:MacFas;387;2560;2174;0.13|F;GCTGTTAACTTCTGTTCCATCC;0.11|F;TTAAGTTGACAGTTCCTGGAGC;8772247;1
D;>chr24:25855866-25858496:nomLeu3;46;2182;2137;0.11|F;TTAAGTTGACAGTTCCTGGAGC;0.9|R;ATTGTGACAGTTGTCTCCTGTA;8772247;1
D;>chr1:27327171-27329804:hg19;23;2186;2164;0.3|F;CTCTGTGTCTATTATGGCTCTT;0.9|R;ATTGTGACAGTTGTCTCCTGTA;8772247;1
D;>chr1:29850249-29852823:rheMac3;13;2188;2176;0.11|F;TTAAGTTGACAGTTCCTGGAGC;0.13|F;GCTGTTAACTTCTGTTCCATCC;8772247;1
D;>chr7:61099754-61102322:calJac3;2;1690;1689;0.5|F;GTGTCTAAGCAAGAGATTCCAT;0.6|R;CACTAGTTATGGCTTGTGATGA;8772247;1
D;>chr1:203369833-203372466:ponAbe2;888;2573;1686;0.6|R;ACTAATTATGGCTTGTGATGAC;0.10|F;GTGTCTAAGCAGGAGATGGCAC;8772247;1
D;>JH378107:57410296-57412908:saiBol1;16;1724;1709;0.11|F;TTAAGTTGACAGTTCCTGGAGC;0.6|R;CACTAGTTATGGCTTGTGATGA;8772247;1
D;>chr1:27328171-27328804:ChlSab;395;2595;2201;0.13|F;GCTGTTAACTTCTGTTCCATCC;0.11|F;TTAAGTTGACAGTTCCTGGAGC;8772247;1
D;>chr1:29189634-29192257:papAnu2;28;1734;1707;0.11|F;TTAAGTTGACAGTTCCTGGAGC;0.6|R;ACTAATTATGGCTTGTGATGAC;8772247;1
D;>chr1:27316993-27319623:PanPan1;152;2114;1963;0.7|F;TCCTCAGGAAGTCTTCCTCATT;0.2|R;TTATATGTGACTATGGCACAGT;8772247;1
D;>chr1:27004540-27007172:panTro4;190;2118;1929;0.7|F;TCCTCAGGAAGTCTTCCTCATT;0.2|R;TTATATGTGACTATGGCACAGT;8772247;1
D;>chr1:27328171-27328804:MacFas;387;2389;2003;0.13|F;GCTGTTAACTTCTGTTCCATCC;0.14|F;GGATGAGAATGCACATGTGAGACT;8772247;1
D;>chr24:25855866-25858496:nomLeu3;168;2182;2015;0.7|F;TCCTCAGGAAGTCTTCCTCATT;0.9|R;ATTGTGACAGTTGTCTCCTGTA;8772247;1
D;>chr1:27327171-27329804:hg19;166;2118;1953;0.7|F;TCCTCAGGAAGTCTTCCTCATT;0.2|R;TTATATGTGACTATGGCACAGT;8772247;1
D;>chr1:29850249-29852823:rheMac3;138;2070;1933;0.7|F;TCTTCAGGAAGTCTTCCTCATT;0.2|R;TTATATGTGACTATGGCACAGT;8772247;1
D;>chr1:203369833-203372466:ponAbe2;890;2573;1684;0.4|R;TAATTATGGCTTGTGATGACTG;0.10|F;GTGTCTAAGCAGGAGATGGCAC;8772247;1
D;>JH378107:57410296-57412908:saiBol1;16;1789;1774;0.11|F;TTAAGTTGACAGTTCCTGGAGC;0.2|R;TTGTATGTGACTATGGCACAGT;8772247;1
D;>chr1:27328171-27328804:ChlSab;395;2616;2222;0.13|F;GCTGTTAACTTCTGTTCCATCC;0.3|F;CTCTGTGTCTATTATGGCTCTT;8772247;1
D;>chr1:29189634-29192257:papAnu2;28;2198;2171;0.11|F;TTAAGTTGACAGTTCCTGGAGC;0.9|R;ATTGTGACAGTTGTCTCCTGTA;8772247;1
D;>chr1:27316993-27319623:PanPan1;152;2182;2031;0.7|F;TCCTCAGGAAGTCTTCCTCATT;0.9|R;ATTGTGACAGTTGTCTCCTGTA;8772247;1
D;>chr1:27004540-27007172:panTro4;190;2186;1997;0.7|F;TCCTCAGGAAGTCTTCCTCATT;0.9|R;ATTGTGACAGTTGTCTCCTGTA;8772247;1
D;>chr1:27328171-27328804:MacFas;888;2560;1673;0.6|R;ACTAATTATGGCTTGTGATGAC;0.11|F;TTAAGTTGACAGTTCCTGGAGC;8772247;1
D;>chr24:25855866-25858496:nomLeu3;214;2182;1969;0.14|F;GGATGAGAATGCACATGTGAGACT;0.9|R;ATTGTGACAGTTGTCTCCTGTA;8772247;1
D;>chr1:27327171-27329804:hg19;166;2186;2021;0.7|F;TCCTCAGGAAGTCTTCCTCATT;0.9|R;ATTGTGACAGTTGTCTCCTGTA;8772247;1
D;>chr1:29850249-29852823:rheMac3;138;2188;2051;0.7|F;TCTTCAGGAAGTCTTCCTCATT;0.13|F;GCTGTTAACTTCTGTTCCATCC;8772247;1
D;>JH378107:57410296-57412908:saiBol1;16;1838;1823;0.11|F;TTAAGTTGACAGTTCCTGGAGC;0.8|R;CATATGTGACAGCAGGACATAA;8772247;1
D;>chr1:27328171-27328804:ChlSab;395;2423;2029;0.13|F;GCTGTTAACTTCTGTTCCATCC;0.14|F;GGATGAGAATGCACATGTGAGACT;8772247;1
D;>chr1:29189634-29192257:papAnu2;28;2245;2218;0.11|F;TTAAGTTGACAGTTCCTGGAGC;0.13|F;GCTGTTAACTTCTGTTCCATCC;8772247;1
D;>chr1:27316993-27319623:PanPan1;306;2114;1809;0.1|F;CTGGCGACCATATGGACCTGTT;0.2|R;TTATATGTGACTATGGCACAGT;8772247;1
D;>chr1:27004540-27007172:panTro4;344;2118;1775;0.1|F;CTGGCGACCATATGGACCTGTT;0.2|R;TTATATGTGACTATGGCACAGT;8772247;1
D;>chr1:27327171-27329804:hg19;321;2118;1798;0.1|F;CTGGCGACCATATGGACCTGTT;0.2|R;TTATATGTGACTATGGCACAGT;8772247;1
D;>chr1:29850249-29852823:rheMac3;284;2070;1787;0.1|F;CTGGCGACCATATGGACCTGTT;0.2|R;TTATATGTGACTATGGCACAGT;8772247;1
D;>JH378107:57410296-57412908:saiBol1;142;1789;1648;0.7|F;TCCTCAGGAAGTCTTCCTCATT;0.2|R;TTGTATGTGACTATGGCACAGT;8772247;1
D;>chr1:27328171-27328804:ChlSab;513;2323;1811;0.2|R;TTATATGTGACTATGGCACAGT;0.1|F;CTGGCGACCATATGGACCTGTT;8772247;1
D;>chr1:29189634-29192257:papAnu2;154;2198;2045;0.7|F;TCCTCAGGAAGTCTTCCTCATT;0.9|R;ATTGTGACAGTTGTCTCCTGTA;8772247;1
D;>chr1:27316993-27319623:PanPan1;306;2182;1877;0.1|F;CTGGCGACCATATGGACCTGTT;0.9|R;ATTGTGACAGTTGTCTCCTGTA;8772247;1
D;>chr1:27004540-27007172:panTro4;344;2186;1843;0.1|F;CTGGCGACCATATGGACCTGTT;0.9|R;ATTGTGACAGTTGTCTCCTGTA;8772247;1
D;>chr1:27327171-27329804:hg19;321;2186;1866;0.1|F;CTGGCGACCATATGGACCTGTT;0.9|R;ATTGTGACAGTTGTCTCCTGTA;8772247;1
D;>chr1:29850249-29852823:rheMac3;284;2188;1905;0.1|F;CTGGCGACCATATGGACCTGTT;0.13|F;GCTGTTAACTTCTGTTCCATCC;8772247;1
D;>JH378107:57410296-57412908:saiBol1;142;1838;1697;0.7|F;TCCTCAGGAAGTCTTCCTCATT;0.8|R;CATATGTGACAGCAGGACATAA;8772247;1
D;>chr1:27328171-27328804:ChlSab;513;2469;1957;0.2|R;TTATATGTGACTATGGCACAGT;0.7|F;TCCTCAGGAAGTCTTCCTCATT;8772247;1
D;>chr1:29189634-29192257:papAnu2;154;2245;2092;0.7|F;TCCTCAGGAAGTCTTCCTCATT;0.13|F;GCTGTTAACTTCTGTTCCATCC;8772247;1
D;>chr1:27316993-27319623:PanPan1;338;2114;1777;0.10|F;GTGTCTAAGCAGGAGATGGCAC;0.2|R;TTATATGTGACTATGGCACAGT;8772247;1
D;>chr1:27004540-27007172:panTro4;376;2118;1743;0.10|F;GTGTCTAAGCAGGAGATGGCAC;0.2|R;TTATATGTGACTATGGCACAGT;8772247;1
D;>chr1:27327171-27329804:hg19;212;2118;1907;0.14|F;GGATGAGAATGCACATGTGAGACT;0.2|R;TTATATGTGACTATGGCACAGT;8772247;1
D;>chr1:29850249-29852823:rheMac3;184;2070;1887;0.14|F;GGATGAGAATGCACATGTGAGACT;0.2|R;TTATATGTGACTATGGCACAGT;8772247;1
D;>chr1:27328171-27328804:ChlSab;513;2595;2083;0.2|R;TTATATGTGACTATGGCACAGT;0.11|F;TTAAGTTGACAGTTCCTGGAGC;8772247;1
D;>chr1:29189634-29192257:papAnu2;300;2198;1899;0.1|F;CTGGTGACCATATGGACCTGTT;0.9|R;ATTGTGACAGTTGTCTCCTGTA;8772247;1
D;>chr1:27316993-27319623:PanPan1;338;2182;1845;0.10|F;GTGTCTAAGCAGGAGATGGCAC;0.9|R;ATTGTGACAGTTGTCTCCTGTA;8772247;1
D;>chr1:27004540-27007172:panTro4;376;2186;1811;0.10|F;GTGTCTAAGCAGGAGATGGCAC;0.9|R;ATTGTGACAGTTGTCTCCTGTA;8772247;1
D;>chr1:27327171-27329804:hg19;212;2186;1975;0.14|F;GGATGAGAATGCACATGTGAGACT;0.9|R;ATTGTGACAGTTGTCTCCTGTA;8772247;1
D;>chr1:29850249-29852823:rheMac3;184;2188;2005;0.14|F;GGATGAGAATGCACATGTGAGACT;0.13|F;GCTGTTAACTTCTGTTCCATCC;8772247;1
D;>chr1:27328171-27328804:ChlSab;513;2616;2104;0.2|R;TTATATGTGACTATGGCACAGT;0.3|F;CTCTGTGTCTATTATGGCTCTT;8772247;1
D;>chr1:29189634-29192257:papAnu2;300;2245;1946;0.1|F;CTGGTGACCATATGGACCTGTT;0.13|F;GCTGTTAACTTCTGTTCCATCC;8772247;1
D;>chr1:27316993-27319623:PanPan1;198;2114;1917;0.14|F;GGATGAGAATGCACATGTGAGACT;0.2|R;TTATATGTGACTATGGCACAGT;8772247;1
D;>chr1:27004540-27007172:panTro4;236;2118;1883;0.14|F;GGATGAGAATGCACATGTGAGACT;0.2|R;TTATATGTGACTATGGCACAGT;8772247;1
D;>chr1:27328171-27328804:ChlSab;513;2423;1911;0.2|R;TTATATGTGACTATGGCACAGT;0.14|F;GGATGAGAATGCACATGTGAGACT;8772247;1
D;>chr1:29189634-29192257:papAnu2;200;2198;1999;0.14|F;GGATGAGAATGCACATGTGAGACT;0.9|R;ATTGTGACAGTTGTCTCCTGTA;8772247;1
D;>chr1:27316993-27319623:PanPan1;198;2182;1985;0.14|F;GGATGAGAATGCACATGTGAGACT;0.9|R;ATTGTGACAGTTGTCTCCTGTA;8772247;1
D;>chr1:27004540-27007172:panTro4;236;2186;1951;0.14|F;GGATGAGAATGCACATGTGAGACT;0.9|R;ATTGTGACAGTTGTCTCCTGTA;8772247;1
D;>chr1:29189634-29192257:papAnu2;200;2245;2046;0.14|F;GGATGAGAATGCACATGTGAGACT;0.13|F;GCTGTTAACTTCTGTTCCATCC;8772247;1
D;>chr1:29190134-29191757:papAnu2;585;1237;653;0.12|R;GAGAGGTCACTGTGTGGA;0.10|F;GACACTAATTATGGCTTGTGATGA;8752112;2
D;>scaffold7535:89319-90942:papHam1;18;644;627;0.2|R;AGTGTAGCAGTATGGCAAGATGTA;0.3|R;GAGCACAGTGAGGTTGGA;8752112;2
D;>chr1:27317493-27319123:PanPan1.1;609;1237;629;0.12|R;GAGAGGTCACTGTGTGGA;0.4|F;ATTATGGCTTGTGATGACTGTC;8752112;2
D;>chr1:27005040-27006672:panTro4;968;1613;646;0.1|F;GGTGGACTGTTGCTTGGA;0.6|F;TGTGACTATGGCACAGTGTA;8752112;2
D;>chr1:27328171-27328804:MacFas.5;385;1037;653;0.10|F;GACACTAATTATGGCTTGTGATGA;0.12|R;GAGAGGTCACTGTGTGGA;8752112;2
D;>chr1:27327671-27329304:hg19;969;1613;645;0.1|F;GGTGGACTGTTGCTTGGA;0.6|F;TGTGACTATGGCACAGTGTA;8752112;2
D;>chr1:29850749-29852323:rheMac3;911;1551;641;0.1|F;GGTGGACTGTTGCTTGGA;0.2|R;AGTGTAGCAGTATGGCAAGATGTA;8752112;2
D;>chr7:61100254-61101822:calJac3;567;1192;626;0.9|F;GAGGTCACTGTGGAGTGG;0.10|F;GACACTAGTTATGGCTTGTGATGA;8752112;2
D;>scaffold_446:323825-325285:micMur1;462;1351;890;0.13|F;TGCAGTGCTTCCAAGTGT;0.14|R;AGCCTGAGCAAGTGCAAG;8752112;2
D;>chr1:203370333-203371966:ponAbe2;385;1091;707;0.10|F;GACACTAATTATGGCTTGTGATGA;0.5|R;GGATGGTTCAGCTCTCTG;8752112;2
D;>JH378107:57410796-57412408:saiBol1;944;1595;652;0.1|F;GGTGGAGTGTTGCTTGGA;0.8|R;ACAGTAGCAGCCACAATATCTG;8752112;2
D;>chr1:27328171-27328804:ChlSab.1;31;644;614;0.16|F;CAGTGTAGCAGTATGGCAAGAT;0.3|R;GAGCACAGTGAGGTTGGA;8752112;2
D;>chr1:29190134-29191757:papAnu2;585;1253;669;0.12|R;GAGAGGTCACTGTGTGGA;0.11|F;TTCTTGGTACACATGTGACACT;8752112;2
D;>scaffold7535:89319-90942:papHam1;17;644;628;0.16|F;CAGTGTAGCAGTATGGCAAGAT;0.3|R;GAGCACAGTGAGGTTGGA;8752112;2
D;>chr1:27317493-27319123:PanPan1.1;609;1609;1001;0.12|R;GAGAGGTCACTGTGTGGA;0.6|F;TGTGACTATGGCACAGTGTA;8752112;2
D;>chr1:27328171-27328804:MacFas.5;385;1072;688;0.10|F;GACACTAATTATGGCTTGTGATGA;0.5|R;GGATGGTGCAGCTCTCTG;8752112;2
D;>chr1:29850749-29852323:rheMac3;911;1552;642;0.1|F;GGTGGACTGTTGCTTGGA;0.16|F;CAGTGTAGCAGTATGGCAAGAT;8752112;2
D;>chr1:203370333-203371966:ponAbe2;392;1091;700;0.4|F;ATTATGGCTTGTGATGACTGTC;0.5|R;GGATGGTTCAGCTCTCTG;8752112;2
D;>chr1:27328171-27328804:ChlSab.1;31;662;632;0.16|F;CAGTGTAGCAGTATGGCAAGAT;0.1|F;GGTGGACTGTTGCTTGGA;8752112;2
D;>chr1:29190134-29191757:papAnu2;585;1604;1020;0.12|R;GAGAGGTCACTGTGTGGA;0.16|F;CAGTGTAGCAGTATGGCAAGAT;8752112;2
D;>scaffold7535:89319-90942:papHam1;4;644;641;0.6|F;TGTGACTATGGCACAGTGTA;0.3|R;GAGCACAGTGAGGTTGGA;8752112;2
D;>chr1:27317493-27319123:PanPan1.1;827;1609;783;0.15|R;ACAGAGCAGAAGTGTGGC;0.6|F;TGTGACTATGGCACAGTGTA;8752112;2
D;>chr1:27328171-27328804:MacFas.5;23;644;622;0.16|F;CAGTGTAGCAGTATGGCAAGAT;0.3|R;GAGCACAGTGAGGTTGGA;8752112;2
D;>chr1:29850749-29852323:rheMac3;911;1565;655;0.1|F;GGTGGACTGTTGCTTGGA;0.6|F;TGTGACTATGGCACAGTGTA;8752112;2
D;>chr1:203370333-203371966:ponAbe2;17;645;629;0.6|F;TGTGACTATGGCACAGTGTA;0.3|R;GAGCACAGTGAGGTTGGA;8752112;2
D;>chr1:27328171-27328804:ChlSab.1;31;816;786;0.16|F;CAGTGTAGCAGTATGGCAAGAT;0.15|R;ACAGAGCAGAAGTTTGGC;8752112;2
D;>chr1:29190134-29191757:papAnu2;806;1604;799;0.15|R;ACAGAGCAGAAGTTTGGC;0.16|F;CAGTGTAGCAGTATGGCAAGAT;8752112;2
D;>chr1:27317493-27319123:PanPan1.1;966;1609;644;0.1|F;GGTGGACTGTTGCTTGGA;0.6|F;TGTGACTATGGCACAGTGTA;8752112;2
D;>chr1:27328171-27328804:MacFas.5;23;662;640;0.16|F;CAGTGTAGCAGTATGGCAAGAT;0.1|F;GGTGGACTGTTGCTTGGA;8752112;2
D;>chr1:29850749-29852323:rheMac3;929;1551;623;0.3|R;GAGCACAGTGAGGTTGGA;0.2|R;AGTGTAGCAGTATGGCAAGATGTA;8752112;2
D;>chr1:203370333-203371966:ponAbe2;17;663;647;0.6|F;TGTGACTATGGCACAGTGTA;0.1|F;GGTGGACTGTTGCTTGGA;8752112;2
D;>chr1:27328171-27328804:ChlSab.1;31;1014;984;0.16|F;CAGTGTAGCAGTATGGCAAGAT;0.7|R;GGCTCCTGACAGGAACAG;8752112;2
D;>chr1:29190134-29191757:papAnu2;978;1604;627;0.3|R;GAGCACAGTGAGGTTGGA;0.16|F;CAGTGTAGCAGTATGGCAAGAT;8752112;2
D;>chr1:27328171-27328804:MacFas.5;23;816;794;0.16|F;CAGTGTAGCAGTATGGCAAGAT;0.15|R;ACAGAGCAGAAGTTTGGC;8752112;2
D;>chr1:29850749-29852323:rheMac3;929;1552;624;0.3|R;GAGCACAGTGAGGTTGGA;0.16|F;CAGTGTAGCAGTATGGCAAGAT;8752112;2
D;>chr1:203370333-203371966:ponAbe2;17;1091;1075;0.6|F;TGTGACTATGGCACAGTGTA;0.5|R;GGATGGTTCAGCTCTCTG;8752112;2
D;>chr1:27328171-27328804:ChlSab.1;31;1036;1006;0.16|F;CAGTGTAGCAGTATGGCAAGAT;0.12|R;GAGAGGTCACTGTGTGGA;8752112;2
D;>chr1:27328171-27328804:MacFas.5;23;1037;1015;0.16|F;CAGTGTAGCAGTATGGCAAGAT;0.12|R;GAGAGGTCACTGTGTGGA;8752112;2
D;>chr1:29850749-29852323:rheMac3;929;1565;637;0.3|R;GAGCACAGTGAGGTTGGA;0.6|F;TGTGACTATGGCACAGTGTA;8752112;2
D;>chr1:27328171-27328804:ChlSab.1;369;1014;646;0.11|F;TTCTTGGTACACATGTGACACT;0.7|R;GGCTCCTGACAGGAACAG;8752112;2
D;>chr1:27328171-27328804:MacFas.5;23;1072;1050;0.16|F;CAGTGTAGCAGTATGGCAAGAT;0.5|R;GGATGGTGCAGCTCTCTG;8752112;2
D;>chr1:27328171-27328804:ChlSab.1;369;1036;668;0.11|F;TTCTTGGTACACATGTGACACT;0.12|R;GAGAGGTCACTGTGTGGA;8752112;2
D;>chr1:27328171-27328804:MacFas.5;369;1037;669;0.11|F;TTCTTGGTACACATGTGACACT;0.12|R;GAGAGGTCACTGTGTGGA;8752112;2
D;>chr1:27328171-27328804:ChlSab.1;18;644;627;0.6|F;TGTGACTATGGCACAGTGTA;0.3|R;GAGCACAGTGAGGTTGGA;8752112;2
D;>chr1:27328171-27328804:MacFas.5;369;1072;704;0.11|F;TTCTTGGTACACATGTGACACT;0.5|R;GGATGGTGCAGCTCTCTG;8752112;2
D;>chr1:27328171-27328804:ChlSab.1;18;662;645;0.6|F;TGTGACTATGGCACAGTGTA;0.1|F;GGTGGACTGTTGCTTGGA;8752112;2
D;>chr1:27328171-27328804:ChlSab.1;18;816;799;0.6|F;TGTGACTATGGCACAGTGTA;0.15|R;ACAGAGCAGAAGTTTGGC;8752112;2
D;>chr1:27328171-27328804:ChlSab.1;18;1014;997;0.6|F;TGTGACTATGGCACAGTGTA;0.7|R;GGCTCCTGACAGGAACAG;8752112;2
D;>chr1:27328171-27328804:ChlSab.1;18;1036;1019;0.6|F;TGTGACTATGGCACAGTGTA;0.12|R;GAGAGGTCACTGTGTGGA;8752112;2
